latitude,longitude,idp_population
9.263147,11.901162,552
9.26549,11.899502,252
9.556226,12.253704,480
9.535633,12.175444,2226
9.536868,12.180862,2418
9.56044,12.18448,426
9.456486,12.154671,348
9.457918,12.229334,510
9.39895,12.3643,660
9.459728,12.177998,762
9.534999,12.161227,444
9.50061,12.10531,420
9.40498,11.93362,3174
9.385248,11.938075,918
9.4528,12.06758,294
9.45328,12.06498,312
9.60258,12.19187,1830
9.60257,12.19183,1266
9.30257,11.76324,1242
9.51105,12.1929,348
9.51182,12.20143,378
9.43301,12.13055,360
9.45024,12.04767,390
9.06542,12.66419,113
9.07023,12.66263,35
9.15618,12.59884,187
9.57651,12.9007,38
9.58291,12.91652,32
9.57978,12.91659,11
9.5527,12.78224,35
9.21765,12.6543,169
9.21804,12.64191,93
9.20771,12.67751,1068
9.21765,12.6543,387
9.09661,12.87983,101
9.11495,12.8832,31
9.10845,12.88559,105
9.11392,12.86973,51
9.11014,12.88028,43
9.14598,12.35287,594
9.37723,12.70282,203
9.41825,12.59718,3175
9.4212,12.5971,603
9.29598,12.79633,538
9.29717,12.71503,39
9.30652,12.72032,59
8.267427,12.068349,76
8.4316,12.053114,61
8.457648,12.039876,70
8.445773,12.045286,73
8.451662,12.051298,77
8.432025,12.063586,30
8.445899,12.059015,45
8.437966,12.051706,47
8.441018,12.058316,56
8.448803,12.058655,53
8.454662,12.058466,50
8.432826,12.048829,33
8.430631,12.046884,53
8.439187,12.038598,50
8.37048,12.067046,42
9.33472,12.45766,76
9.33412,12.4721,121
9.31808,12.47898,575
9.30316,12.46516,345
9.31853,12.45172,538
9.31599,12.44461,339
9.31334,12.46029,675
9.30584,12.47189,720
9.30613,12.4846,519
9.31974,12.44136,1025
9.48596,12.30687,400
9.45632,12.35625,800
9.33938,12.50727,1200
9.33893,12.5085,519
9.34431,12.51341,600
9.34264,12.51707,580
9.35204,12.51312,275
9.35209,12.51223,220
9.37582,12.55931,250
9.37211,12.55222,500
9.36791,12.55256,480
9.505,12.491,120
9.50503,12.49995,75
9.53353,12.49816,122
9.53271,12.50146,331
9.30444,12.48875,979
9.29134,12.48012,244
9.29147,12.49431,1128
9.30552,12.48633,698
9.29912,12.48469,786
9.3098766,12.4870902,198
9.50011,12.56769,169
9.48339,12.58191,628
9.49888,12.576,457
9.30329,12.47378,500
10.101537,12.34784,101
10.12613,12.33882,157
10.13113,12.39603,127
10.14806,12.43441,91
10.16244,12.43303,92
10.18417,12.43641,95
10.18238,12.37378,136
10.18342,12.36991,113
10.40689,12.5662,188
10.40403,12.56749,200
10.40501,12.56518,239
10.40317,12.56537,223
10.18372,12.73407,223
10.18095,12.23264,361
10.17235,12.72687,360
10.17949,12.72231,375
10.14542,12.74552,259
10.160138,12.75218,164
10.14236,12.73524,397
10.33281,12.6594,118
10.37321,12.57332,163
10.32393,12.67432,121
10.04559,12.668,162
10.07188,12.67514,116
9.792,11.9622,378
9.78393,11.98305,192
9.98903,11.95734,72
9.6469,11.8339,30
9.78477,11.91055,708
9.79304,11.92395,318
9.65221,11.83702,600
9.648116,11.8393,504
9.70578,11.88148,1098
9.90418,11.93248,36
9.91032,11.93274,42
9.9052,11.94063,48
9.90258,11.93104,150
9.91635,11.9566,60
9.91658,11.9468,42
9.91637,11.9565,36
10.24967,13.02682,150
10.20363,12.98729,48
10.26665,13.09585,43
10.22799,12.99708,45
10.28557,13.0748,171
10.13829,12.98352,27
10.15253,13.00569,37
10.17825,12.88863,96
10.38384,12.82003,70
10.36759,12.86165,300
10.32272,12.85578,715
10.43253,13.00339,115
10.4133,12.97506,67
10.39416,13.17807,77
10.39417,13.17809,90
10.3894,13.21065,60
10.4005,13.17201,98
10.22663,12.912,180
10.2419,12.93193,200
10.2329,12.92972,190
10.23327,12.9206,235
10.187233,13.048791,50
10.128334,13.079358,50
10.14449,13.02419,40
10.31386,13.15927,82
10.31896,13.16871,65
10.30647,13.1735,80
10.35548,13.16414,45
10.24081,13.15759,34
10.27246,13.1679,45
10.31125,13.16262,53
10.23401,12.93592,82
10.24832,12.95024,65
10.23342,12.93595,40
10.29851,12.88705,100
10.14703,12.92642,154
10.175599,12.920138,150
10.22755,12.92884,150
10.22425,12.92225,372
10.45322,13.22203,373
10.44849,13.22319,360
10.45002,13.2224,391
8.75148,12.15388,106
8.75301,12.15117,106
8.75239,12.14779,90
8.75489,12.15578,84
8.75447,12.1554,72
8.75411,12.1571,60
8.76006,12.56553,72
8.75965,12.56646,60
8.8074,12.62597,36
8.80746,12.62546,48
8.62754,12.43561,48
8.57151,12.37885,84
9.56546,11.87686,114
9.56542,11.87697,102
9.56805,11.88878,192
9.5426,11.9475,150
9.65066,11.82022,564
9.65064,11.82037,366
9.60546,11.7897,204
9.60631,11.79649,312
9.6114,11.89121,240
9.50691,11.73453,198
9.51879,11.80065,204
9.50861,11.91061,90
9.51143,11.9326,540
9.57265,11.76925,252
9.543,11.69021,120
9.50876,11.64496,72
10.8621,13.6129,380
10.86215,13.50344,380
10.8157,13.60542,260
10.8868,13.61329,312
10.8474,13.6297,65
10.706948,13.441589,183
10.69698,13.45115,95
10.74597,13.41723,400
10.78742,13.43881,800
10.80424,13.45349,585
10.80446,13.46029,1252
10.80178,13.45858,924
10.81136,13.46391,1000
10.84419,13.48246,285
10.86612,13.51719,90
10.867749,13.517143,25
10.8758,13.54101,50
10.89521,13.62096,380
10.89229,13.62953,31
10.88448,13.632444,143
10.8899,13.61399,445
10.69721,13.51785,510
10.76136,13.49989,210
10.68649,13.54618,355
10.73628,13.48541,315
10.73892,13.48234,865
10.87475,13.55765,165
10.75935,13.56303,1120
10.87575,13.54105,25
10.75575,13.51245,360
10.7735,13.56294,1225
10.79257,13.57781,358
10.79193,13.5753,775
10.798271,13.559835,329
10.8015,13.59855,50
9.66088,13.22511,317
9.65807,13.22387,437
9.655277,13.2264,382
10.12371,13.15357,344
10.12414,13.15158,325
9.65055,13.10143,842
9.652131,13.101048,845
9.65052,13.10479,875
10.01312,13.20889,210
10.016326,13.210149,208
10.017559,13.098371,479
10.03752,13.13376,591
10.01804,13.1058,847
10.06564,13.18017,587
10.06015,13.18399,595
10.062687,13.187042,503
10.11561,13.21763,231
10.11091,13.21689,236
9.88785,13.20109,1674
9.88754,13.20517,495
9.914541,13.233805,1670
9.91296,13.23591,2066
9.75364,13.24896,1703
9.75547,13.24513,1842
9.75191,13.24733,2317
9.789649,13.107091,800
9.747643,13.252196,962
9.95491,13.22628,241
9.92446,13.23426,303
8.95706,12.06085,318
9.08972,12.05672,254
9.05969,12.053911,271
8.96154,11.90473,136
8.76594,11.92682,326
10.56825,13.32524,222
10.56836,13.32318,123
10.557268,13.35597,84
10.59872,13.46015,90
10.62402,13.48917,35
10.64671,13.45984,40
10.57754,13.33586,290
10.60415,13.34336,78
10.60683,13.36989,158
10.6239,13.38323,120
10.61092,13.3873,250
10.62089,13.39221,500
10.63806,13.38628,120
10.63057,13.39048,150
10.62383,13.39243,250
10.63883,13.38896,57
10.6447,13.39394,90
10.62732,13.41692,11
10.6349,13.40461,67
10.6221,13.4029,153
10.63067,13.39964,46
10.60541,13.39573,60
10.54597,13.28178,95
10.642,13.3554,50
10.55461,13.39011,28
10.60191,13.38287,38
10.25627,13.27545,258
10.50132,13.32351,595
10.28789,13.260063,226
10.3286,13.27237,1223
10.26688,13.27368,1120
10.2668,13.27452,814
10.27701,13.27183,1202
10.272545,13.277742,591
10.43959,13.23967,408
10.35792,13.36867,383
10.359531,13.362309,342
10.26271,13.269891,761
10.26584,13.26986,1738
10.32901,13.31158,411
10.26994,13.25274,1744
10.26445,13.26264,1111
10.19277,13.406257,43
10.13212,13.3607,57
10.16104,13.29991,65
10.15574,13.3008,105
10.15549,13.30251,100
10.197661,13.3085,423
10.197649,13.30848,94
10.2627,13.2862,1105
10.2559,13.29719,140
10.10362,13.316652,47
10.09859,13.31881,51
10.2684,13.2409,280
10.26644,13.25266,78
10.25057,13.26182,377
10.26193,13.26277,1126
10.26862,13.25486,175
10.26611,13.24111,157
10.21353,13.228116,233
10.21387,13.22889,265
10.13714,13.36795,289
10.1294,13.36167,89
10.17317,13.36789,354
10.257562,13.28035,728
10.26269,13.26988,358
10.26667,13.24037,733
10.16764,13.2985,30
9.59699,12.04453,3815
9.61373,12.04637,1687
9.46354,11.68051,490
9.467,11.67595,378
9.46568,11.67768,658
9.48757,12.01475,1974
9.47557,11.98331,1827
9.4547,11.92998,1127
9.4398,11.90548,1547
9.44868,11.90283,1183
9.45914,11.91656,2387
9.45781,12.03361,532
9.45723,12.03382,462
9.45973,12.02174,1155
9.46574,12.02687,406
9.46957,12.02838,434
9.46211,12.02781,56
9.45933,12.02419,126
9.46915,12.02173,651
9.46577,12.02846,448
9.4442,12.02333,1267
9.44983,12.0331,1344
9.45521,12.03767,1869
10.00297,12.05694,90
9.97057,12.04819,60
9.97012,12.05089,300
9.69566,12.02863,600
9.80306,12.05632,330
9.821222,12.056195,1110
9.801222,12.056182,660
9.98849,12.08854,1500
9.98229,12.01466,120
9.68321,12.00329,60
9.68359,12.00119,120
9.68524,12.10029,120
9.685229,12.10089,210
9.88505,12.01937,216
9.89832,12.00636,120
9.90231,12.00905,84
9.89784,12.00804,3102
9.89814,12.00478,60
9.77337,12.05382,900
9.79374,12.05787,558
9.6922,12.7282,220
9.67798,12.73843,30
10.02685,12.66115,60
10.02584,12.66036,53
10.03412,12.66117,211
9.8309,12.6177,257
9.82263,12.62907,146
9.81827,12.626811,160
9.831878,12.62672,159
9.82975,12.61235,336
9.82888,12.62277,72
9.835598,12.619283,132
9.80365,12.62461,516
9.732833,12.562788,263
9.65215,12.55587,47
9.65323,12.55939,83
9.751997,12.656799,155
9.76656,12.65406,102
9.81497,12.89042,121
9.85779,12.95065,239
9.85975,12.94973,226
9.904684,13.055714,568
9.986395,12.95173,904
8.11743,12.04325,168
8.11671,12.04993,200
8.1313,12.0454,198
9.27483,12.45659,300
9.28399,12.45645,243
9.27876,12.45354,232
9.28072,12.42778,348
9.28576,12.44795,491
9.28184,12.46429,440
9.25781,12.46907,224
9.23451,12.43089,1644
9.27202,12.44429,1007
9.27105,12.41369,782
9.24591,12.42556,840
9.22931,12.4346,613
9.28539,12.46273,128
9.28598,12.46113,230
9.28044,12.45389,324
9.2701,12.4484,443
9.28026,12.44682,186
9.284,12.44112,244
9.28212,12.45891,101
9.28137,12.45315,271
9.19245,12.46966,1059
9.17216,12.48246,972
9.1114021,12.3297704,503
9.12249,12.34726,380
9.16658,12.46848,362
9.2052,12.45641,1836
9.21443,12.44284,2124
9.15587,12.40353,289
9.1225,12.34728,1578
9.21292,12.48311,749
9.21194,12.48434,256
9.21436,12.47721,874
9.1915,12.51585,502
9.20271,12.47723,191
9.25765,12.39429,852
9.27541,12.37631,1242
9.32712,12.32408,632
9.27388,12.39005,1000
9.27222,12.41077,212
9.28795,12.34296,1310
9.19624,12.38553,380
9.19288,12.37614,2888
9.25212,12.38243,494
9.29031,12.22853,349
9.28846,12.22958,335
9.28839,12.25115,641
10.64869,12.90748,372
10.65308,12.91042,396
10.60139,13.0295,510
10.7561,13.2153,180
10.57785,13.22345,354
10.49331,13.23526,378
10.7477,13.2193,960
10.7417,13.2198,786
10.69363,13.26958,1674
10.72975,13.12569,294
10.7332,13.12469,126
10.45303,13.20628,1440
10.455296,13.213241,1008
10.45964,13.22197,984
10.49691,13.12204,558
10.52615,13.12949,306
10.52557,13.13041,552
10.64804,12.90746,420
10.64814,12.90757,420
11.259,14.13969,23910
11.25804,14.15381,35111
11.52226,13.69902,417
11.512545,13.688889,312
11.49978,13.70249,976
11.52205,13.69659,737
11.50535,13.68579,109776
10.62269,11.73514,24
10.35058,11.61224,44
10.37071,11.66054,24
10.5594301,11.631103,38
10.32273,11.58668,3
10.25032,11.69933,13
10.22301,11.62221,23
10.44356,11.70516,41
10.38255,11.69377,47
10.66854,11.80925,34
10.68131,11.79264,26
10.91835,12.08762,1376
10.90695,12.08901,3054
10.78128,11.94219,1883
10.78668,11.85262,614
10.625075,12.175978,9891
10.621252,12.166884,1250
10.610128,12.12409,272
10.605253,12.108539,416
10.624297,12.144602,486
10.76693,12.02254,16
10.77918,12.01972,307
10.61394,12.192376,10925
10.618047,12.174888,2011
10.69768,12.33274,1308
10.733093,12.14781,4794
10.72761,12.14937,282
10.612528,12.197504,1678
10.598319,12.217912,1182
10.591561,12.207921,439
10.625694,12.187153,1763
10.617293,12.197492,1632
10.8671359,12.8401584,228
10.86762,12.84524,413
10.86889,12.84341,565
10.87254,12.84354,818
10.86703,12.84417,799
10.87077,12.84083,828
10.8807,12.92303,758
10.8779,12.92553,352
10.88723,12.90319,400
10.892563,12.918764,91
10.77409,12.87788,744
10.77664,12.87364,749
10.775547,12.873601,808
10.72804,12.88645,277
10.80709,12.87117,248
10.76833,12.7963,181
10.757724,12.815737,265
10.93149,12.76949,216
10.92005,12.77461,382
10.94705,12.77447,389
10.77694,12.94988,118
10.777218,12.916088,214
10.799626,12.916215,191
10.84914,12.7753,166
11.02772,12.70409,3234
11.04303,12.70417,4467
11.08311,12.68416,952
11.04656,12.64572,2394
11.17723,12.78599,385
11.15117,12.75504,6809
11.16223,12.75911,7873
11.17156,12.75989,19518
11.16193,12.76393,1688
11.14439,12.75932,1786
11.16636,12.75654,8167
11.16132,12.75653,4086
11.14815,12.75235,2918
11.16781,12.76223,4304
11.15373,12.76853,107
11.14656,12.75599,502
11.16283,12.7547,399
11.16447,12.75875,688
11.15796,12.75827,85
11.17004,12.70484,8133
11.16569,12.77527,2440
11.02295,12.79515,6294
11.05478,12.8196,6671
10.9992,12.78367,6703
11.15866,12.74846,187
11.14588,12.76624,2206
11.13735,12.74988,303
11.12105,12.17373,3440
11.12434,12.75379,452
11.12773,12.74337,317
11.09849,12.74725,274
11.03822,12.7569,794
11.04338,12.75216,1006
11.06233,12.75224,405
11.11003,12.75085,195
12.035292,13.917138,2435
12.037866,13.917886,1586
12.03934,13.90714,5195
12.036795,13.917202,4656
12.039738,13.922611,4101
12.030945,13.920738,2965
12.031746,13.923214,4458
12.038088,13.9209,3134
12.04486,13.90153,8329
12.043197,13.914353,3374
12.039345,13.904101,3149
12.036583,13.903243,6866
12.04379,13.91678,6822
12.029877,13.916949,5636
12.03095,13.92095,4393
12.04289,13.90183,11358
12.027395,13.921123,7545
12.03861,13.89954,12905
12.035505,13.905677,2616
12.043034,13.920241,4599
12.039693,13.924678,1140
12.02676,13.91968,445
12.49177,12.78145,1444
12.49633,12.78258,1606
12.49331,12.78305,1804
12.49228,12.78138,2349
12.49886,12.78406,1716
12.50028,12.78607,1457
12.49978,12.7798,1883
11.07889,13.69987,14490
11.08483,13.69697,8214
11.08471,13.70303,7728
11.08893,13.69086,17500
11.08894,13.69642,13980
11.07857,13.68674,8228
11.0894,13.68793,1300
11.22536,13.78608,16570
11.23179,13.7763,494
10.96916,13.6659,4320
11.07225,13.69499,4710
11.07002,13.68992,5802
11.22913,13.78371,1305
11.22256,13.78383,7030
11.22062,13.77783,9437
11.23122,13.78367,3666
11.22534,13.78606,5326
11.23177,13.77628,10508
11.22047,13.78747,7204
11.22738,13.77414,13654
11.23111,13.78741,1859
10.525174,12.251007,651
10.58752,12.05332,587
10.43137,12.0983,139
10.5269,12.28854,2712
10.536266,12.226698,122
10.46432,12.418264,2614
10.49014,12.41747,2089
10.478075,12.432582,904
10.54014,12.1291,600
10.452719,12.160704,1078
10.39269,12.25003,592
10.40643,12.37261,589
10.501638,12.203093,526
10.50885,12.32889,9111
11.75301,13.10069,3532
11.78343,13.13551,3814
11.78242,13.1364,2693
11.80724,13.1754,6566
11.80187,13.17843,3277
11.79478,13.17991,2761
11.78635,13.18826,538
11.7825,13.13622,556
11.78467,13.13903,89
11.790619,13.170897,338
11.79882,13.1782,160
11.791941,13.173189,105
11.79511,13.18109,121
11.808495,13.08815,1524
11.81595,13.09623,1902
11.81242,13.08889,2230
11.81167,13.09191,4126
11.809991,13.09101,1245
11.90945,13.26365,1201
11.88492,13.26214,609
11.811606,13.088328,1030
11.86373,13.23868,1200
11.86873,13.25443,1690
11.87493,13.27582,1133
11.87127,13.23864,2808
11.86968,13.21985,3158
11.88758,13.22396,935
11.89772,13.25245,512
11.89582,13.24064,324
11.88183,13.21638,269
11.86631,13.23638,2610
11.87186,13.24972,30611
11.86603,13.24041,201
11.86917,13.25319,513
11.86955,13.25373,701
11.86705,13.25275,1015
11.8674,13.25057,740
11.88171,13.28239,6409
11.87957,13.26028,631
11.86596,13.24619,3115
11.86925,13.24507,1145
11.86962,13.25497,202
11.86565,13.23252,2065
11.86607,13.25029,204
11.86605,13.24044,197
11.86513,13.24176,2520
11.88693,13.22286,515
11.86494,13.23072,562
11.86446,13.23083,2952
11.86436,13.22814,364
11.88329,13.30563,18580
11.86617,13.22997,117
11.87126,13.21662,601
11.8238,13.07945,1104
11.81402,13.08114,792
11.830911,13.081845,1508
11.81973,13.08098,658
11.83247,13.09072,1975
11.92244,13.21864,699
11.92124,13.20369,601
11.92207,13.19123,3365
11.92758,13.18298,374
11.90858,13.19946,657
11.91911,13.19273,4846
11.9227,13.18693,3229
11.83284,13.17941,1030
11.83341,13.18753,1117
11.83193,13.19049,181
11.83417,13.19397,1181
11.83528,13.1842,1336
11.840641,13.196727,571
11.82767,13.1874,2102
11.85365,13.20161,352
11.81705,13.18937,362
11.81678,13.1902,1408
11.83334,13.18758,528
11.83363,13.18569,2161
11.81605,13.19079,342
11.81568,13.19179,342
11.82143,13.19619,175
11.82952,13.18655,630
11.83344,13.18422,1798
11.83254,13.1994,1530
11.82947,13.1867,1255
11.85541,13.21044,1770
11.84085,13.18804,994
11.85299,13.20175,533
11.84703,13.17985,1377
11.85669,13.18903,1231
11.85091,13.19294,1045
11.85664,13.19427,323
11.85258,13.18114,147
11.84418,13.18612,185
11.85804,13.19984,465
11.85872,13.19924,193
11.85866,13.21539,387
11.85765,13.21543,335
11.84957,13.19326,309
11.85074,13.19245,174
11.8542,13.18295,182
11.85218,13.18255,372
11.84788,13.18567,394
11.85995,13.20219,615
11.85653,13.1889,263
11.9225,13.22328,701
11.94859,13.22575,739
11.92639,13.24309,3213
11.93155,13.22883,781
11.94645,13.22154,1072
11.86406,13.17404,1672
11.86692,13.18604,1761
11.87291,13.17267,2378
11.86921,13.17066,1563
11.87383,13.17541,2643
11.86665,13.16689,2135
11.86304,13.17292,3768
11.86998,13.1807,19597
11.87304,13.19019,199
11.867267,13.181743,5954
11.870047,13.16566,867
11.86693,13.1655,1927
11.87779,13.17996,6330
11.87226,13.17357,445
11.88515,13.17488,21985
11.87192,13.16917,2334
11.86904,13.16368,2111
11.87725,13.17697,201
11.87509,13.18228,1057
11.87146,13.181502,399
11.87771,13.16969,1288
11.87257,13.1638,1899
11.8769,13.1644,179
11.87407,13.17336,158
11.89303,13.1535,1841
11.86176,13.16785,149
11.8722,13.18321,409
11.87844,13.16271,445
11.81264,12.5055,145
11.80597,12.49292,1378
11.80548,12.4916,1330
11.81084,12.47665,157
11.81118,12.49742,699
11.802123,12.498689,558
11.807731,12.482563,86
11.80058,12.47647,967
11.801065,12.494404,2075
11.80784,12.49888,5974
11.81635,12.49353,3621
11.812792,12.500183,1375
11.83152,12.62892,544
11.82694,12.6305,449
11.75949,12.25646,1891
11.75955,12.25682,1169
11.766196,12.26006,1527
11.762593,12.265062,468
11.63194,12.320109,381
12.266891,14.471803,6512
12.266492,14.467953,4502
12.269952,14.467853,16776
12.270773,14.46599,13159
11.84614,13.05096,3262
11.83843,13.07128,2403
11.82156,13.06603,933
11.84768,12.93651,2233
11.84966,13.0229,2011
11.8452,13.05678,541
11.90525,13.09242,581
11.84445,12.93653,3375
12.0369,13.06965,1983
12.02671,13.06188,1502
11.90194,13.07051,1238
11.8443,13.0337,1022
11.81613,13.06732,212
11.89967,13.09151,224
11.78875,13.20665,2560
11.776262,13.216988,2183
11.754859,13.262016,4897
11.76352,13.24239,3384
11.77588,13.21718,1903
11.77033,13.22645,2166
11.78066,13.21456,965
11.748,13.26339,702
11.74833,13.26013,844
11.78495,13.21019,474
12.02669,13.06187,987
11.84362,12.7743,1373
11.902015,13.07054,1264
11.84394,12.77565,1551
11.66011,13.39857,3030
11.65882,13.40014,4020
11.65578,13.41908,1985
11.73597,13.28389,230
11.66881,13.39255,7194
11.66453,13.39605,13383
11.73458,13.28333,5037
11.66881,13.39255,6399
10.56637,11.95726,374
10.56637,11.95726,33
10.40158,12.01544,241
10.54474,11.91426,344
10.42042,11.92782,232
10.47027,11.77302,745
10.49534,11.84501,197
10.50714,11.83768,297
10.50466,11.83705,179
10.49794,11.83409,130
10.49291,11.83643,361
10.34373,11.92448,292
10.33964,11.92654,269
10.36408,11.96833,267
10.36089,11.97128,148
10.47104,11.91384,210
10.38202,11.85971,296
11.9257366,13.5950127,4730
11.92165,13.60094,803
11.92651,13.60131,864
11.922995,13.596982,507
11.92465,13.6019,615
11.92237,13.60418,719
11.92033,13.59153,33801
12.26026,13.10827,2025
12.11471,12.282943,4195
12.111471,12.82943,4260
12.25596,13.09907,3580
12.2542,13.09838,1868
12.25079,13.10118,1305
12.26342,13.10484,2231
12.2597,13.11167,4263
12.26105,13.11107,3592
12.11736,12.82823,1913
12.11548,12.82431,4034
12.11256,12.83307,1170
12.11504,12.82843,1095
12.11584,12.82752,856
12.12092,12.82501,890
12.11887,12.83561,830
11.86448,13.11843,2587
11.88966,13.10277,2895
11.89986,13.08797,1736
11.86807,13.10605,778
11.88638,13.10826,2588
11.86502,13.10721,2042
11.85532,13.132,1476
11.852356,13.109825,4941
11.86052,13.12747,1702
11.84851,13.11132,1944
11.88463,13.09222,1048
11.85081,13.11643,416
11.8772,13.10735,2196
11.847629,13.109004,287
11.86622,13.11681,275
11.855489,13.140317,154
11.84704,13.109935,745
11.87609,13.11325,3061
11.89481,13.08895,169
11.88656,13.11039,231
11.85974,13.11743,168
11.85881,13.11918,233
11.85843,13.12143,335
11.83752,13.09972,71
11.87339,13.11308,196
11.87709,13.0972,763
11.8587,13.11917,291
11.879385,13.120029,11022
11.873646,13.12383,3684
11.870965,13.132457,3754
11.873494,13.127689,9255
11.86934,13.138925,5299
11.872919,13.13397,2342
11.871301,13.128544,2142
11.886328,13.130132,1634
11.878697,13.134726,3579
11.870228,13.135101,2966
11.876419,13.139593,15154
11.868915,13.138418,668
11.873668,13.139998,83
11.865151,13.146608,121
11.885187,13.120158,173
11.8369,13.15797,56
11.83547,13.15787,48
11.8355,13.155815,51
11.83755,13.16008,88
11.8537,13.15922,57
11.84266,13.15332,226
11.84434,13.15469,221
11.8435,13.15406,221
11.84113,13.15652,219
11.84491,13.15613,246
11.85268,13.16987,347
11.85403,13.16827,501
11.85351,13.16894,198
11.85775,13.18104,184
11.85737,13.16797,424
11.83688,13.14378,598
11.83529,13.16712,1084
11.84169,13.17135,1301
11.84159,13.17123,964
11.82674,13.17269,1309
11.82823,13.16957,1150
11.82085,13.16991,232
11.83029,13.16428,294
11.8253,13.16108,239
11.82731,13.16305,400
11.83314,13.16734,391
11.83515,13.17593,114
11.82784,13.16887,1151
11.82082,13.17727,959
11.82279,13.17605,997
11.82275,13.17587,915
11.82457,13.17519,953
11.84165,13.15251,326
11.84045,13.15171,181
11.84245,13.15038,352
11.84211,13.14973,328
11.847194,13.121034,4384
11.85651,13.14989,1319
11.84156,13.13937,1985
11.837768,13.113225,145
11.86854,13.15871,1480
11.85103,13.15745,430
11.84466,13.13659,2267
11.849397,13.140029,136
11.844172,13.117595,780
11.84896,13.14325,171
11.859778,13.156869,142
11.85911,13.154832,119
11.861814,13.157589,377
11.861418,13.15608,332
11.85038,13.16359,180
11.84617,13.16259,209
11.84871,13.16408,249
11.84087,13.16214,202
11.84572,13.16352,261
11.84414,13.16487,254
11.84341,13.16508,224
11.84392,13.14909,1721
11.85105,13.14951,1762
11.85225,13.1466,1388
11.84887,13.1506,1320
11.84996,13.14671,1638
11.84769,13.15179,1948
11.79153,13.1273,57
11.80774,13.13229,5371
11.79097,13.13214,2140
11.79419,13.14185,1987
11.80658,13.16301,1794
11.8018,13.1187,5181
11.82514,13.11858,7317
11.79864,13.13423,5437
11.83227,13.09082,2248
11.82657,13.11143,6210
11.79704,13.12343,2350
11.81755,13.1162,6619
11.80833,13.13658,4155
11.79343,13.10725,3658
11.78518,13.1248,1093
11.76665,13.11095,817
11.8003,13.13363,150
11.79,13.13433,133
11.78821,13.13046,1532
11.79932,13.13605,677
11.79117,13.13416,211
11.79723,13.11242,411
11.80198,13.11588,701
11.80155,13.11315,235
11.79455,13.13392,138
11.78785,13.1313,510
11.80055,13.12229,777
11.79557,13.12233,342
11.80332,13.1189,825
11.79791,13.12197,457
11.79873,13.11313,600
11.80175,13.12033,262
11.79777,13.13867,178
11.79785,13.1358,112
11.79872,13.11963,280
11.85155,13.15701,169
11.85117,13.15719,220
11.85319,13.15925,294
11.85582,13.1582,221
11.85596,13.16123,198
11.85598,13.16136,196
11.84515,13.15681,448
11.84503,13.15788,415
11.84375,13.15944,545
11.84573,13.16028,445
13.109664,12.505686,3192
13.10582,12.507046,3257
13.106793,12.512799,5387
13.11439,12.50328,537
13.112261,12.517816,69794
13.099033,12.506668,2139
13.103736,12.513439,2456
13.095111,12.511608,2009
13.08006,12.52159,246
13.097144,12.519182,275
12.67354,13.61743,3085
12.66666,13.60677,4338
12.67293,13.60385,5544
12.66691,13.61369,2802
12.66454,13.62051,3238
12.67002,13.61311,2584
12.67585,13.62428,7576
12.66782,13.59978,4065
12.66669,13.61669,2771
12.6664,13.60936,2830
12.6734,13.60743,3773
12.67408,13.6148,2074
12.61148,13.66834,1901
12.67954,13.62306,20983
12.68552,13.62026,5361
12.66375,13.61947,10014
12.67141,13.62468,4056
12.67214,13.61943,1035
12.68426,13.61469,31102
12.67309,13.60536,4480
12.66615,13.62409,4032
12.68006,13.61071,16681
12.67,13.60701,4729
12.67535,13.60172,9808
12.66566,13.6268,3246
12.37509,14.21556,1510
12.37355,14.21753,2643
12.37509,14.21556,536
12.3749,14.20691,583
12.37949,14.20404,1886
12.3749,14.20691,1635
12.37399,14.20028,1862
12.37949,14.20404,518
12.34336,14.1882,1507
12.34,14.18698,1733
12.35903,14.1704,39751
12.34706,14.34706,33250
12.35231,14.17489,5240
12.34825,14.18891,4229
12.3663,14.20805,503
12.3663,14.20805,2227
12.37221,14.21832,2572
12.36534,14.21466,2422
12.37221,14.21832,648
12.36534,14.21466,608
12.39405,14.19257,1512
12.39405,14.19257,173
10.08975,11.96592,157
10.08767,11.95846,135
10.0904,11.98521,104
10.08773,11.95863,102
10.08654,11.95693,112
10.08752,11.9574,92
10.33294,12.17821,168
10.32892,12.17843,397
10.22087,11.82167,104
10.05986,11.94209,115
10.0496,11.9229,109
10.04698,11.91499,181
10.13379,12.06259,157
10.27526,12.14238,148
10.06103,11.82708,42
10.10237,12.02952,156
10.18447,11.96274,201
10.21643,12.06017,112
10.227399,12.052203,357
10.21692,12.06683,216
10.24124,11.97156,87
12.8463,10.76098,433
12.84459,10.76196,512
12.699419,11.101292,185
12.86636,11.03306,1113
12.86341,11.0366,715
12.88077,11.03134,1505
12.87211,11.03252,881
12.88994,11.03299,1858
12.88942,11.04278,2379
12.88179,11.04068,1129
12.87679,11.04181,1977
12.88107,11.05028,3172
12.87982,11.04732,375
12.88238,11.04039,1177
12.86701,11.04286,517
12.84303,10.87739,134
12.87445,10.86285,60
12.84071,10.90928,1689
12.85416,10.95612,270
12.88259,11.03097,3598
12.87863,11.03681,2595
12.87821,11.0505,1759
12.76775,11.51137,101
12.76731,11.50531,148
12.76956,11.50971,182
12.76931,11.51027,118
12.76758,11.50887,326
12.49626,11.49746,242
12.49782,11.50642,465
12.49632,11.49743,436
12.49921,11.50512,368
12.49237,11.49531,154
12.81746,11.05487,215
12.79465,11.39431,91
12.79458,11.39343,137
12.79426,11.39318,230
12.81703,11.58552,146
12.84227,11.52314,138
12.84132,11.52357,147
11.74774,11.95832,426
11.74645,11.95528,372
11.75495,11.95778,570
11.79215,12.14163,150
11.72998,11.98092,228
11.70929,11.95248,210
11.70743,11.94323,675
11.69237,11.94461,420
11.68608,12.04774,186
11.73333,12.01289,474
11.63907,12.05818,420
11.66325,11.93567,2232
11.9374,11.85637,408
11.93924,11.75474,612
11.93241,11.85844,726
11.75935,12.23241,510
11.74533,12.18555,7866
11.72166,12.12622,258
11.7387,12.01221,805
11.72412,12.12533,590
11.71751,12.12621,640
11.75865,12.00268,306
11.72656,12.03608,294
11.72652,12.03586,858
11.7298,11.91611,450
11.70308,11.83899,318
11.7273,11.91341,225
11.74153,11.94976,168
11.74516,11.95749,930
11.74715,11.96828,410
11.75271,11.96708,624
11.28103,11.31019,225
11.24487,11.33144,236
11.28176,11.30598,283
11.285,11.3057,306
11.29147,11.3062,200
11.28592,11.22201,248
11.29021,11.23062,190
11.284,11.22215,150
11.28576,11.22026,278
11.31452,11.2303,208
11.29044,11.11658,190
11.10581,11.37048,347
11.10532,11.37922,281
11.10076,11.37584,280
11.6794,11.34025,528
11.67955,11.33309,473
11.675555,11.336746,581
11.67721,11.33644,218
11.683552,11.34067,308
11.67024,11.41683,391
11.67078,11.41412,215
11.6643,11.41826,192
11.66594,11.41976,318
11.688123,11.613321,121
11.67941,11.6213,66
11.694121,11.69829,93
11.68811,11.623318,285
11.68731,11.62007,150
11.66466,11.27036,97
11.66754,11.27217,48
11.98366,11.44391,96
11.97658,11.44113,46
11.98236,11.43681,65
11.9824,11.44085,75
11.52789,11.45689,64
11.88441,11.28305,48
11.88137,11.28553,35
11.88109,11.28563,32
11.82855,11.60856,44
12.900999,11.927242,403
12.901531,11.922925,448
12.900476,11.936283,494
12.83494,11.69123,130
12.82751,11.72023,133
12.83478,11.84489,240
12.83284,11.69083,100
12.836,11.75135,110
12.83713,11.751174,135
12.8935,11.92481,1014
12.896677,11.926898,319
12.89533,11.92624,403
12.76302,11.84669,142
12.76263,11.84766,142
12.76212,11.84747,140
12.76145,11.84668,122
12.86793,11.89856,180
12.86803,11.89971,130
12.86763,11.89749,150
12.86724,11.89987,120
12.86009,11.90056,500
11.208139,12.029898,1715
11.20437,12.02839,1659
11.200563,12.031609,1365
11.215857,12.023658,518
11.196059,12.018359,539
11.273613,12.01117,5355
11.2842,12.00308,8057
11.28339,12.013578,7735
11.50081,11.93639,2184
11.49927,11.93159,1456
11.56296,11.91726,3787
11.607968,11.919208,1806
11.500773,11.932308,777
11.503048,11.93347,672
11.566466,11.916946,427
11.51269,12.00225,815
11.519702,11.97476,1715
11.44398,11.953333,590
11.26571,11.72135,1393
11.266315,11.719995,2310
11.353812,11.809535,1232
11.348646,11.806919,2191
10.81015,11.72552,111
10.81232,11.72884,97
10.81219,11.7283,65
10.80776,11.72908,78
10.80964,11.73383,65
11.07248,11.80352,91
11.0719,11.80557,65
11.06694,11.80692,123
11.071443,11.80488,130
11.07255,11.80005,78
11.10358,11.90138,163
11.03814,11.73315,162
11.03507,11.73294,78
11.0385,11.72813,130
11.03117,11.73535,123
11.03581,11.73968,143
10.7249,11.68998,91
10.72434,11.68849,90
10.72757,11.68889,65
10.95646,11.60531,130
10.95639,11.61091,111
10.95694,11.6055,123
12.27028,10.84881,70
12.1997,10.88009,72
12.20239,10.87932,201
12.58605,10.89257,123
12.58481,10.73697,163
12.58626,10.78352,90
12.4288,10.84266,71
12.46938,10.87422,73
12.56284,10.92704,252
12.37277,10.77633,379
12.36658,10.77161,199
12.36951,10.77384,139
12.74028,10.92239,81
12.73192,10.91669,70
12.72748,10.90869,86
12.72388,10.85105,164
12.74893,10.78257,299
12.69617,10.83343,377
12.894638,10.90948,35
12.8942,10.90901,98
12.89393,10.90833,182
12.8849,10.69912,20
12.88888,10.70076,25
12.91757,9.90204,90
12.91715,9.90284,63
12.89949,9.76514,103
12.89927,9.76328,133
12.89872,9.76763,97
13.06575,9.93258,144
13.06721,9.93241,185
13.0496,10.16309,94
13.04856,10.1641,144
13.04805,10.16592,175
13.13623,10.04696,148
13.14033,10.04969,108
13.13451,10.04786,142
13.13844,10.04749,55
13.00766,9.99795,69
13.00738,9.99616,62
12.84255,9.81835,72
12.84356,9.81935,88
11.97617,10.95227,273
11.643557,10.98872,149
11.643747,10.987022,148
11.59889,11.01931,136
11.80429,11.0759,127
12.89642,10.45563,218
12.87178,10.46401,401
12.87093,10.45711,23
12.87196,10.45841,189
13.02957,10.41974,57
13.03007,10.41719,33
12.86124,10.5559,24
12.87986,10.43359,385
12.88442,10.43202,504
12.88866,10.43245,388
12.87347,10.41962,252
12.87312,10.42222,122
12.86043,10.4328,145
12.85773,10.42555,50
12.85927,10.43138,110
12.88551,10.44024,555
12.86617,10.42319,284
12.87932,10.44277,193
12.87847,10.44826,199
12.87509,10.45394,101
12.87709,10.45132,195
12.8789,10.45839,143
12.87896,10.46062,155
12.87741,10.45749,158
12.87898,10.45977,141
12.8795,10.45664,144
12.88387,10.34446,44
12.88724,10.45319,212
12.88561,10.4631,165
12.88243,10.45424,343
12.8861,10.4617,485
11.72211,11.04815,148
11.69655,11.05216,253
11.69408,11.05067,283
11.71914,11.04985,155
11.70952,11.06529,120
11.70945,11.07231,196
11.70932,11.06073,249
11.70542,11.07043,74
11.71401,11.07347,35
11.72362,11.06308,207
11.69896,11.10361,171
11.69342,11.07683,492
11.72578,11.10348,213
11.69513,11.11285,491
11.71661,11.10549,127
11.73154,11.09891,126
11.7272,11.10464,218
11.69886,11.09679,564
11.73299,11.08055,246
12.15821,11.77445,489
12.14857,11.77027,509
12.1561,11.76954,329
12.15042,11.77391,256
12.285778,11.89041,16
12.47343,11.54487,129
12.16275,11.47164,46
12.14734,11.68493,68
12.98768,11.96872,188
12.98704,11.96704,93
13.11474,11.60118,94
13.06382,11.46503,78
13.06602,11.46558,105
13.0995,12.11005,105
13.09833,12.1073,187
12.91826,11.88562,75
12.91626,11.88532,112
13.15124,11.53956,188
13.15286,11.53765,103
13.14875,11.53886,150
13.0919,11.77718,227
13.06801,11.17799,152
12.97776,11.11079,153
13.34822,11.23068,134
12.97902,11.35301,194
13.04377,11.31842,99
13.03849,10.94377,132
13.15349,10.63332,50
13.15521,10.63688,57
13.06869,11.05774,54
13.06482,11.17589,166
13.06267,11.17547,148
13.06557,11.17734,103
13.07251,11.17168,171
