lgs_names,status,latitude,longitude
Mubi South,Open,10.190825,13.240736
Mayo-Belwa,Open,9.001957,11.92599
Jada,Open,8.66625,12.504659
Gombi,Open,10.034278,12.346278
Fufore,Open,9.245174,12.868807
Fufore,Open,9.4132463,12.7235213
Fufore,Open,9.187156,12.704183
Yola North,Open,9.2575757,12.4540046
Mayo-Belwa,Open,8.662686,11.887755
Gombi,Open,10.288872,12.375595
Ganye,Open,8.42954,11.951722
Gombi,Open,10.079255,12.545916
Song,Open,9.782112,12.414592
Ganye,Open,8.334856,12.055701
Demsa,Open,9.538193,12.215642
Jada,Open,8.643632,12.01958
Lamurde,Open,9.508872,11.645575
Toungo,Open,8.022643,11.5383
Hong,Open,10.170322,12.97516
Numan,Open,9.383729,11.625184
Shelleng,Open,9.877157,12.022484
Mayo-Belwa,Open,9.08528,12.072856
Demsa,Open,9.457984,12.07521
Gombi,Open,10.374411,12.59867
Shelleng,Open,9.949879,12.193819
Gombi,Open,10.025728,12.44597
Song,Open,9.819217,12.576261
Michika,Open,10.64111,13.379092
Gombi,Open,10.128257,12.339405
Michika,Open,10.665583,13.303856
Demsa,Open,9.375028,12.093106
Jada,Open,8.477438,12.059083
Gombi,Open,10.124002,12.70833
Michika,Open,10.605209,13.395112
Michika,Open,10.607736,13.370585
Gombi,Open,10.061031,12.447439
Yola South,Open,9.322943,12.229719
Mubi South,Open,10.167274,13.225923
Maiha,Open,9.934198,13.176447
Demsa,Open,9.571547,12.070341
Yola South,Open,9.122106,12.462805
Yola North,Open,9.2470641,12.4447417
Mubi South,Open,10.264252,13.259822
Yola North,Open,9.276919,12.460777
Girei,Open,9.334522,12.50772
Guyuk,Open,9.697797,11.903565
Fufore,Open,9.243502,12.873201
Jada,Open,8.665856,12.304192
Demsa,Open,9.402843,11.910613
Jada,Open,8.753427,12.091731
Yola North,Open,9.26565,12.457309
Fufore,Open,9.2986647,12.8211586
Yola North,Open,9.248376,12.426147
Yola South,Open,9.399367,12.31027
Demsa,Open,9.505788,12.123629
Maiha,Open,10.144601,13.173407
Jada,Open,8.6261246,12.382883
Mayo-Belwa,Open,8.712139,11.887755
Maiha,Open,9.791717,13.106109
Maiha,Open,10.057758,13.165414
Song,Open,9.850289,12.443336
Mubi North,Open,10.432858,13.428123
Maiha,Open,10.154167,13.117454
Song,Open,9.821941,12.162029
Hong,Open,10.405915,12.84936
Numan,Open,9.474624,11.737827
Ganye,Open,8.484309,11.899347
Michika,Open,10.55545,13.389633
Gombi,Open,10.018186,12.222019
Yola South,Open,9.178171,12.540931
Demsa,Open,9.500123,12.106305
Girei,Open,9.46818,12.392133
Mubi North,Open,10.488957,13.349338
Hong,Open,10.132859,12.962836
Shelleng,Open,9.700052,12.02766
Jada,Open,8.827724,12.170919
Guyuk,Open,9.766731,11.865705
Demsa,Open,9.458519,12.223026
Demsa,Open,9.460037,12.198679
Guyuk,Open,9.856338,11.932763
Guyuk,Open,9.819442,11.982595
Girei,Open,9.553121,12.270981
Fufore,Open,8.978871,12.499929
Jada,Open,8.506554,12.313704
Shelleng,Open,9.857547,12.043856
Maiha,Open,9.956942,13.227795
Mubi North,Open,10.321904,13.307142
Fufore,Open,9.22712,12.71627
Mubi North,Open,10.274131,13.252932
Ganye,Open,8.582167,11.885232
Gombi,Open,10.111274,12.485919
Mubi South,Open,10.261597,13.277552
Jada,Open,8.629447,12.463492
Fufore,Open,9.395173,12.831494
Yola South,Open,9.146524,12.540305
Hong,Open,10.401074,12.889207
Hong,Open,10.112592,13.077126
Demsa,Open,9.294319,12.009862
Mayo-Belwa,Open,9.113425,11.90169
Jada,Open,8.534643,12.109838
Demsa,Open,9.4999,12.146216
Yola North,Open,9.260019,12.475242
Toungo,Open,7.974303,11.640702
Ganye,Open,8.460425,12.216338
Gombi,Open,10.153647,12.346509
Mubi South,Open,10.263008,13.259013
Mayo-Belwa,Open,8.8438,11.954218
Ganye,Open,8.527915,12.277097
Guyuk,Open,9.71031,11.936243
Ganye,Open,8.627386,11.861387
Jada,Open,8.615894,12.048555
Fufore,Open,8.799609,12.484532
Numan,Open,9.61298,12.050311
Demsa,Open,9.491643,12.133464
Mubi South,Open,10.249134,13.278134
Demsa,Open,9.577304,12.14533
Shelleng,Open,9.672425,12.016162
Yola South,Open,9.292006,12.344013
Demsa,Open,9.42777,12.077716
Maiha,Open,9.560493,13.167377
Hong,Open,10.188275,13.051636
Song,Open,9.653115,12.559168
Fufore,Open,9.223359,12.654405
Toungo,Open,8.074722,12.065377
Demsa,Open,9.318366,11.824753
Lamurde,Open,9.538756,11.642568
Fufore,Open,9.111853,12.668974
Gombi,Open,10.266127,12.613496
Gombi,Open,10.100866,12.206726
Guyuk,Open,9.824343,11.862479
Jada,Open,8.571903,12.052836
Maiha,Open,9.853369,13.217364
Mubi North,Open,10.502502,13.347985
Gombi,Open,10.191755,12.640126
Madagali,Open,10.88457,13.601757
Jada,Open,8.45345,12.382611
Ganye,Open,8.538807,11.916129
Yola North,Open,9.270765,12.418332
Jada,Open,8.62648,12.382885
Hong,Open,10.062492,13.023272
Maiha,Open,10.000475,13.24734
Madagali,Open,10.784615,13.371434
Ganye,Open,8.422321,12.080233
Demsa,Open,9.314643,11.816912
Guyuk,Open,10.026974,11.965353
Fufore,Open,9.260236,12.797737
Jada,Open,8.749496,12.046282
Yola North,Open,9.234738,12.421635
Gombi,Open,10.234757,12.734807
Jada,Open,8.816747,12.72566
Guyuk,Open,9.807127,11.956398
Gombi,Open,10.247709,12.281528
Song,Open,9.840566,12.687745
Mayo-Belwa,Open,8.910844,12.004998
Madagali,Open,10.724172,13.345972
Maiha,Open,9.914221,13.23273
Hong,Open,10.293649,12.95879
Ganye,Open,8.626049,12.244638
Michika,Open,10.614317,13.401114
Fufore,Open,9.293063,12.793946
Mayo-Belwa,Open,9.076085,11.80088
Yola South,Open,9.216337,12.483037
Madagali,Open,10.844185,13.635236
Madagali,Open,10.943621,13.630087
Song,Open,9.665006,12.501725
Fufore,Open,8.879411,12.584843
Mubi North,Open,10.411216,13.328324
Jada,Open,8.748261,12.472631
Mubi North,Open,10.365302,13.329545
Hong,Open,10.36482,12.864615
Lamurde,Open,9.509563,11.92722
Lamurde,Open,9.601912,11.792035
Demsa,Open,9.418722,12.130474
Ganye,Open,8.430889,12.052708
Ganye,Open,8.558307,11.922584
Guyuk,Open,10.007614,11.962822
Shelleng,Open,9.822991,12.135153
Hong,Open,10.3368867,12.7392432
Demsa,Open,9.536543,12.157371
Jada,Open,8.63122,12.325482
Jada,Open,8.700467,12.347826
Hong,Open,10.217765,13.03257
Ganye,Open,8.52195,11.915008
Mayo-Belwa,Open,9.0466403,11.8991383
Song,Open,9.827491,12.512135
Mayo-Belwa,Open,9.093893,12.046078
Jada,Open,8.695507,12.202517
Song,Open,10.004742,12.654705
Numan,Open,9.413912,11.585621
Numan,Open,9.467826,12.023302
Guyuk,Open,10.0294106,11.9738245
Maiha,Open,10.169213,13.123011
Lamurde,Open,9.564833,11.566391
Guyuk,Open,9.788423,11.874144
Demsa,Open,9.230265,11.804861
Hong,Open,10.21717,12.912503
Hong,Open,10.327644,13.121294
Ganye,Open,8.466597,12.162246
Gombi,Open,10.242554,12.661751
Girei,Open,9.541261,12.41683
Hong,Open,10.14014,12.929556
Hong,Open,10.357626,13.105144
Yola North,Open,9.264402,12.456987
Hong,Open,10.128874,13.080918
Demsa,Open,9.299035,11.763432
Fufore,Open,8.8277,12.502589
Ganye,Open,8.323474,11.97953
Yola North,Open,9.287323,12.439556
Toungo,Open,8.125213,12.016116
Girei,Open,9.349602,12.425762
Lamurde,Open,9.574536,11.475139
Lamurde,Open,9.521332,11.828762
Ganye,Open,8.5932,11.951574
Michika,Open,10.684148,13.401545
Mayo-Belwa,Open,8.978574,12.033684
Hong,Open,10.330083,12.947421
Fufore,Open,9.27201,12.655071
Ganye,Open,8.584127,11.949971
Michika,Open,10.622272,13.382086
Song,Open,9.9384446,12.5220109
Yola South,Open,9.206616,12.485971
Yola South,Open,9.205457,12.411507
Hong,Open,10.339912,13.046704
Maiha,Open,10.016447,13.096284
Shelleng,Open,9.749977,11.974512
Demsa,Open,9.540442,12.055654
Numan,Open,9.440426,11.905598
Madagali,Open,10.873664,13.648514
Fufore,Open,9.201959,12.726915
Fufore,Open,9.1160453,12.2299286
Jada,Open,8.67647,12.385334
Michika,Open,10.603317,13.526462
Fufore,Open,9.005182,12.337718
Michika,Open,10.651717,13.403629
Hong,Open,10.349499,12.975671
Hong,Open,10.242984,13.158079
Ganye,Open,8.451159,12.085785
Ganye,Open,8.444733,12.012374
Ganye,Open,8.390233,11.91834
Fufore,Open,9.227883,12.646209
Jada,Open,8.800454,12.051583
Fufore,Open,9.1162957,12.2294568
Fufore,Open,9.018463,12.628766
Ganye,Open,8.549744,11.972778
Fufore,Open,9.134093,12.676898
Mayo-Belwa,Open,8.644193,11.873683
Madagali,Open,10.826416,13.457904
Toungo,Open,8.211722,12.146423
Hong,Open,10.2793,13.219147
Lamurde,Open,9.545821,11.665292
Hong,Open,10.202854,12.9889
Maiha,Open,10.199371,13.154041
Numan,Open,9.502903,11.862271
Hong,Open,10.240301,12.9341011
Gombi,Open,10.150546,12.4326
Mubi South,Open,10.235558,13.351076
Jada,Open,8.720415,12.311216
Mayo-Belwa,Open,9.14792,11.742295
Jada,Open,8.654525,12.288905
Mubi North,Open,10.224938,13.451231
Michika,Open,10.643233,13.395341
Fufore,Open,9.052236,12.481806
Fufore,Open,9.376059,12.847936
Fufore,Open,9.221489,12.738933
Shelleng,Open,9.887798,12.008927
Toungo,Open,7.994379,11.510938
Guyuk,Open,9.709568,11.86939
Ganye,Open,8.410821,12.013144
Hong,Open,10.28979,13.078544
Fufore,Open,8.882782,12.461977
Toungo,Open,8.002641,11.828415
Mayo-Belwa,Open,9.057714,11.842417
Hong,Open,10.150393,12.933499
Mayo-Belwa,Open,8.875853,12.1028
Girei,Open,9.484325,12.30918
Girei,Open,9.362116,12.540313
Ganye,Open,8.584073,12.143436
Hong,Open,10.2645,12.945933
Mubi South,Open,10.170154,13.29905
Hong,Open,10.424038,12.969832
Yola South,Open,9.290052,12.24346
Demsa,Open,9.293382,11.727297
Mayo-Belwa,Open,9.08708,11.949507
Shelleng,Open,9.707081,12.174264
Guyuk,Open,9.770508,11.961555
Guyuk,Open,9.694658,11.916877
Numan,Open,9.457007,11.923252
Fufore,Open,9.189254,12.234526
Hong,Open,10.149346,12.903006
Jada,Open,8.497253,12.09668
Jada,Open,8.511162,12.028034
Toungo,Open,8.091871,12.008184
Fufore,Open,9.16229,12.634259
Michika,Open,10.649956,13.333727
Girei,Open,9.502047,12.567195
Jada,Open,8.76637,12.222369
Ganye,Open,8.448049,12.050832
Girei,Open,9.292121,12.509729
Fufore,Open,8.799599,12.420694
Song,Open,9.82677,12.35427
Mubi North,Open,10.278139,13.265688
Fufore,Open,9.070032,12.664234
Shelleng,Open,9.644104,11.98955
Jada,Open,8.60252,12.391461
Mubi South,Open,10.195865,13.307421
Michika,Open,10.57482,13.322899
Madagali,Open,10.885389,13.379697
Hong,Open,10.356167,13.162234
Maiha,Open,10.101628,13.212387
Fufore,Open,9.3106844,12.6590548
Shelleng,Open,9.877811,12.094077
Girei,Open,9.380077,12.602266
Girei,Open,9.529461,12.577125
Guyuk,Open,9.842515,11.873615
Guyuk,Open,9.915636,11.961363
Mayo-Belwa,Open,8.978426,11.965216
Fufore,Open,8.980513,12.435979
Mubi North,Open,10.336635,13.256153
Mayo-Belwa,Open,9.087699,11.859804
Guyuk,Open,9.791634,11.960997
Jada,Open,8.720796,12.551643
Guyuk,Open,9.709519,11.875603
Maiha,Open,9.964991,13.255155
Hong,Open,10.445251,12.976312
Girei,Open,9.467976,12.391625
Ganye,Open,8.614445,11.975187
Jada,Open,8.649614,12.449065
Jada,Open,8.599411,12.309836
Fufore,Open,9.392213,12.793391
Mayo-Belwa,Open,9.085457,11.838864
Fufore,Open,9.022407,12.217572
Fufore,Open,9.371735,12.639562
Hong,Open,10.277073,12.97333
Madagali,Open,10.710172,13.564891
Maiha,Open,9.926477,13.234743
Mayo-Belwa,Open,8.95034,12.062621
Mubi North,Open,10.370312,13.230141
Mubi North,Open,10.292263,13.263869
Demsa,Open,9.456578,12.173256
Demsa,Open,9.268584,11.692741
Gombi,Open,10.139243,12.191085
Ganye,Open,8.638796,12.190018
Mayo-Belwa,Open,9.053526,12.056885
Mayo-Belwa,Open,8.81778,12.005539
Fufore,Open,9.51712,13.033778
Guyuk,Open,9.940757,11.941432
Mayo-Belwa,Open,9.043602,12.028948
Girei,Open,9.392841,12.382319
Yola North,Open,9.243551,12.423458
Fufore,Open,9.45768,12.817708
Guyuk,Open,9.702701,11.883692
Fufore,Open,9.538271,12.749615
Shelleng,Open,10.000235,12.058123
Yola South,Open,9.338599,12.387626
Hong,Open,10.154284,13.007009
Guyuk,Open,9.703661,11.950146
Mubi North,Open,10.501156,13.313302
Ganye,Open,8.251309,12.072586
Mubi North,Open,10.405064,13.237982
Song,Open,9.83035,12.495226
Ganye,Open,8.291765,12.00803
Toungo,Open,8.053505,12.081488
Guyuk,Open,9.790705,11.96626
Song,Open,9.722388,12.24741
Guyuk,Open,9.708165,11.930265
Demsa,Open,9.187571,11.871752
Guyuk,Open,9.686926,11.895227
Toungo,Open,8.008196,11.993129
Mubi South,Open,10.14547,13.410034
Hong,Open,10.252181,13.028194
Song,Open,9.766378,12.709375
Yola South,Open,9.127163,12.5144
Gombi,Open,10.09366,12.652723
Numan,Open,9.368256,11.66928
Shelleng,Open,9.975061,12.073437
Madagali,Open,10.794867,13.457249
Gombi,Open,10.113293,12.31727
Fufore,Open,9.039424,12.448919
Mubi North,Open,10.347406,13.325017
Hong,Open,10.322764,13.038323
Maiha,Open,10.06566,13.273627
Yola North,Open,9.261742,12.444409
Maiha,Open,9.971086,13.118837
Guyuk,Open,9.823257,11.920295
Ganye,Open,8.307353,12.076559
Mayo-Belwa,Open,9.120254,12.138079
Gombi,Open,10.160006,12.543826
Toungo,Open,8.23508,12.124293
Song,Open,9.63117,12.470903
Michika,Open,10.58665,13.51777
Shelleng,Open,9.859786,12.079707
Madagali,Open,10.940333,13.594083
Ganye,Open,8.378808,11.860895
Ganye,Open,8.440573,12.072014
Lamurde,Open,9.480619,11.517478
Mayo-Belwa,Open,9.177184,11.727678
Demsa,Open,9.485795,12.125884
Mayo-Belwa,Open,9.112153,11.769621
Yola South,Open,9.210324,12.489521
Mubi South,Open,10.091168,13.301906
Lamurde,Open,9.4541,11.616547
Maiha,Open,10.095961,13.119189
Girei,Open,9.347255,12.513564
Mayo-Belwa,Open,8.91006,12.112459
Gombi,Open,10.132543,12.397167
Ganye,Open,8.327621,12.055251
Lamurde,Open,9.528427,11.589246
Shelleng,Open,9.698191,12.137157
Ganye,Open,8.492233,12.19078
Numan,Open,9.461296,12.021471
Madagali,Open,10.897836,13.64512
Song,Open,9.975298,12.638457
Ganye,Open,8.628484,12.158647
Ganye,Open,8.451339,12.035639
Gombi,Open,10.213282,12.345309
Girei,Open,9.419514,12.373234
Girei,Open,9.571465,12.254992
Gombi,Open,10.091295,12.215464
Guyuk,Open,9.770845,11.970824
Fufore,Open,9.495397,12.797757
Mayo-Belwa,Open,9.222374,11.945895
Ganye,Open,8.431264,11.918723
Yola North,Open,9.266257,12.441417
Hong,Open,10.391599,12.976257
Madagali,Open,10.734552,13.4895
Hong,Open,10.396223,13.171151
Girei,Open,9.413406,12.497735
Fufore,Open,9.408557,12.787509
Fufore,Open,9.110432,12.887526
Yola South,Open,9.290811,12.133094
Mayo-Belwa,Open,9.043751,11.935394
Mayo-Belwa,Open,9.020864,11.897092
Maiha,Open,10.046652,13.077637
Guyuk,Open,10.022173,11.886421
Demsa,Open,9.513551,12.247356
Gombi,Open,10.183232,12.330383
Mubi South,Open,10.187733,13.260648
Fufore,Open,8.852171,12.400613
Toungo,Open,8.147558,11.951373
Mubi North,Open,10.419747,13.455417
Demsa,Open,9.544566,12.175631
Jada,Open,8.693488,12.122519
Fufore,Open,9.0311,12.158203
Fufore,Open,9.215087,12.880807
Mayo-Belwa,Open,8.843346,11.926865
Mayo-Belwa,Open,8.895173,12.081063
Madagali,Open,10.76569,13.53576
Fufore,Open,9.092157,12.213998
Numan,Open,9.464022,12.037747
Hong,Open,10.385504,13.041143
Fufore,Open,8.891774,12.392676
Mayo-Belwa,Open,9.18063,12.050665
Fufore,Open,9.219197,12.668723
Song,Open,9.795606,12.489939
Fufore,Open,8.970127,12.400064
Demsa,Open,9.455546,12.146171
Shelleng,Open,9.686463,11.998734
Maiha,Open,10.024735,13.067744
Hong,Open,10.344734,12.903692
Lamurde,Open,9.571329,11.771057
Ganye,Open,8.552964,11.847009
Demsa,Open,9.304045,11.752168
Yola South,Open,9.37415,12.338766
Demsa,Open,9.394246,12.160692
Hong,Open,10.178365,12.886361
Mayo-Belwa,Open,8.878215,12.053243
Gombi,Open,10.176751,12.224972
Jada,Open,8.593692,12.438352
Demsa,Open,9.210946,11.886159
Yola South,Open,9.253668,12.387144
Guyuk,Open,9.775388,11.874538
Jada,Open,8.721588,12.584305
Demsa,Open,9.558408,12.147109
Gombi,Open,10.170432,12.734726
Mubi North,Open,10.444398,13.333404
Girei,Open,9.300796,12.483569
Jada,Open,8.515226,12.074779
Fufore,Open,8.831127,12.389432
Ganye,Open,8.590766,12.198034
Gombi,Open,10.1534795,12.3468427
Maiha,Open,9.7479,13.249
Mubi North,Open,10.458515,13.238343
Hong,Open,10.303433,13.113904
Demsa,Open,9.369088,11.957351
Jada,Open,8.7426935,12.1601924
Jada,Open,8.682221,11.956291
Toungo,Open,7.913219,11.691282
Hong,Open,10.29694,12.886551
Numan,Open,9.451002,11.755776
Jada,Open,8.762671,12.617917
Jada,Open,8.641455,12.27161
Numan,Open,9.3597,11.694778
Mayo-Belwa,Open,9.146571,12.081468
Guyuk,Open,9.991155,11.902353
Lamurde,Open,9.589316,11.809152
Song,Open,9.845563,12.610937
Girei,Open,9.506918,12.501639
Hong,Open,10.176016,12.856592
Fufore,Open,9.562025,12.778879
Fufore,Open,9.212939,12.880547
Shelleng,Open,9.666311,12.141108
Guyuk,Open,9.770713,11.971456
Numan,Open,9.451667,12.032254
Toungo,Open,8.087144,12.094858
Shelleng,Open,9.851789,12.172778
Mayo-Belwa,Open,9.034667,11.925802
Michika,Open,10.606198,13.383797
Mayo-Belwa,Open,8.847351,12.041967
Guyuk,Open,9.730385,11.91358
Shelleng,Open,9.685607,12.031105
Gombi,Open,10.160632,12.736608
Ganye,Open,8.518653,12.246665
Demsa,Open,9.332164,11.867707
Michika,Open,10.637975,13.45102
Fufore,Open,9.034342,12.21288
Song,Open,9.721855,12.64249
Numan,Open,9.415787,11.683153
Mubi North,Open,10.45619,13.370195
Numan,Open,9.459702,12.020763
Lamurde,Open,9.6154,11.686605
Fufore,Open,9.0899863,12.3886286
Toungo,Open,8.037899,11.999566
Guyuk,Open,9.792131,11.863089
Mubi North,Open,10.47133,13.256178
Fufore,Open,9.622317,12.9185
Mayo-Belwa,Open,8.753096,11.94284
Yola South,Open,9.390813,12.352694
Jada,Open,8.596276,12.116821
Jada,Open,8.768082,12.159199
Lamurde,Open,9.533822,11.622869
Numan,Open,9.453292,11.719802
Ganye,Open,8.433358,12.120152
Yola South,Open,9.2274691,12.5821039
Yola South,Open,9.203272,12.473034
Fufore,Open,9.365966,12.711784
Guyuk,Open,9.680078,11.865666
Fufore,Open,9.1816677,12.7253765
Yola North,Open,9.2810097,12.4528543
Mayo-Belwa,Open,8.876387,12.073736
Demsa,Open,9.600575,12.194573
Fufore,Open,8.835229,12.613083
Maiha,Open,10.041767,13.155276
Mayo-Belwa,Open,9.000485,11.995406
Yola South,Open,9.215599,12.48679
Jada,Open,8.829253,12.090535
Guyuk,Open,9.788819,11.885681
Gombi,Open,10.147264,12.740955
Numan,Open,9.452796,11.655378
Mubi North,Open,10.22067,13.468254
Girei,Open,9.49099,12.302156
Girei,Open,9.339954,12.479213
Guyuk,Open,9.838072,11.889316
Mayo-Belwa,Open,8.911178,11.971716
Mubi South,Open,10.217254,13.387798
Demsa,Open,9.334736,12.001903
Demsa,Open,9.206538,11.831013
Ganye,Open,8.420273,11.960475
Numan,Open,9.580659,12.044142
Jada,Open,8.795659,12.670027
Guyuk,Open,9.790327,11.966408
Jada,Open,8.75154,12.12637
Jada,Open,8.55964,12.313946
Mubi South,Open,10.1902986,13.1711938
Lamurde,Open,9.649199,11.699116
Hong,Open,10.206269,13.108123
Song,Open,9.705949,12.260373
Jada,Open,8.583283,12.079636
Yola South,Open,9.318378,12.404204
Demsa,Open,9.250287,11.860029
Hong,Open,10.185324,12.909867
Mubi South,Open,10.257505,13.339902
Song,Open,9.885709,12.607577
Fufore,Open,8.8481578,12.4708122
Michika,Open,10.622111,13.371112
Fufore,Open,9.389265,12.777145
Madagali,Open,10.759972,13.495536
Girei,Open,9.510584,12.644384
Shelleng,Open,9.957274,11.989232
Yola North,Open,9.26398,12.455246
Jada,Open,8.66967,12.001506
Mayo-Belwa,Open,8.644056,11.873431
Michika,Open,10.686999,13.310639
Maiha,Open,10.130419,13.110139
Numan,Open,9.367571,11.606647
Madagali,Open,10.85767,13.390104
Song,Open,9.69582,12.743718
Jada,Open,8.861061,12.145021
Gombi,Open,10.099496,12.25249
Song,Open,9.7915679,12.4184183
Fufore,Open,9.159958,12.231876
Fufore,Open,9.510642,12.702466
Ganye,Open,8.599607,12.216827
Jada,Open,8.820223,12.763937
Gombi,Open,10.321333,12.597595
Yola South,Open,9.407188,12.270255
Song,Open,9.923589,12.544733
Lamurde,Open,9.549262,11.773751
Ganye,Open,8.476112,11.921631
Yola South,Open,9.122535,12.574319
Maiha,Open,9.637057,13.219724
Shelleng,Open,10.11001,12.109509
Fufore,Open,9.172469,12.620645
Demsa,Open,9.563922,12.181454
Fufore,Open,9.032876,12.071243
Hong,Open,10.174239,12.809041
Jada,Open,8.767214,12.136487
Hong,Open,10.38367,12.920247
Yola North,Open,9.2286456,12.424799
Gombi,Open,10.170272,12.73511
Mubi South,Open,10.263093,13.253724
Girei,Open,9.492786,12.453275
Demsa,Open,9.271828,11.770731
Numan,Open,9.45303,11.719371
Madagali,Open,10.783038,13.438963
Michika,Open,10.60874,13.437874
Hong,Open,10.261001,13.047412
Demsa,Open,9.618634,12.187473
Guyuk,Open,9.983643,11.945311
Demsa,Open,9.387012,11.93665
Guyuk,Open,9.862688,11.84772
Lamurde,Open,9.545258,11.944305
Numan,Open,9.413587,11.58564
Hong,Open,10.267518,13.094945
Maiha,Open,10.061247,13.176482
Demsa,Open,9.548634,12.244254
Numan,Open,9.520247,12.015166
Mubi North,Open,10.253409,13.381478
Guyuk,Open,9.998218,11.901449
Shelleng,Open,9.638445,12.050322
Ganye,Open,8.380194,12.064564
Girei,Open,9.359402,12.55398
Hong,Open,10.325418,13.017881
Mayo-Belwa,Open,8.819534,11.943104
Toungo,Open,8.194561,12.002846
Toungo,Open,7.845521,11.704264
Mubi South,Open,10.105531,13.318882
Michika,Open,10.63775,13.510843
Song,Open,9.730297,12.243904
Demsa,Open,9.447648,12.105354
Gombi,Open,10.309865,12.305492
Girei,Open,9.302355,12.484727
Numan,Open,9.442003,12.018384
Lamurde,Open,9.56563,11.889917
Gombi,Open,10.352357,12.632551
Demsa,Open,9.533696,12.192489
Gombi,Open,10.297557,12.773478
Guyuk,Open,9.796633,11.869428
Hong,Open,10.108272,13.056912
Hong,Open,10.328084,13.17498
Mubi North,Open,10.43233,13.27968
Girei,Open,9.406643,12.560127
Maiha,Open,10.114583,13.216094
Numan,Open,9.466402,11.675109
Gombi,Open,10.232761,12.719561
Maiha,Open,9.538719,13.12703
Song,Open,9.698346,12.309577
Mayo-Belwa,Open,9.121731,11.940817
Mayo-Belwa,Open,9.220727,12.207566
Mubi North,Open,10.499083,13.32572
Lamurde,Open,9.568683,11.832965
Mubi North,Open,10.365012,13.453686
Hong,Open,10.412999,12.974294
Gombi,Open,10.216608,12.698371
Jada,Open,8.795027,12.547862
Fufore,Open,9.376849,12.691199
Fufore,Open,9.028676,12.600939
Lamurde,Open,9.493514,11.560205
Girei,Open,9.496154,12.476954
Girei,Open,9.587815,12.463076
Lamurde,Open,9.579039,11.73401
Gombi,Open,10.417013,12.565725
Ganye,Open,8.475897,11.937765
Mayo-Belwa,Open,9.097462,11.8224726
Gombi,Open,10.078167,12.467495
Gombi,Open,10.249081,12.506217
Guyuk,Open,9.746264,11.900603
Yola South,Open,9.324798,12.114866
Shelleng,Open,9.81265,12.10233
Demsa,Open,9.511112,12.201251
Hong,Open,10.236434,12.919199
Girei,Open,9.45504,12.357117
Jada,Open,8.547277,12.025217
Jada,Open,8.85908,12.14912
Yola South,Open,9.203663,12.387554
Michika,Open,10.545295,13.289867
Lamurde,Open,9.558887,11.730441
Girei,Open,9.491172,12.30209
Jada,Open,8.505852,12.375961
Yola South,Open,9.161558,12.497905
Mubi North,Open,10.277902,13.337876
Mubi North,Open,10.463254,13.337837
Demsa,Open,9.277302,11.902015
Demsa,Open,9.510784,12.187034
Mayo-Belwa,Open,8.757081,11.971159
Gombi,Open,10.147103,12.59613
Girei,Open,9.302443,12.468524
Fufore,Open,9.615848,12.782399
Numan,Open,9.405351,11.661179
Gombi,Open,10.450192,12.56577
Ganye,Open,8.569562,12.242862
Song,Open,9.729892,12.247071
Mubi North,Open,10.425745,13.303632
Ganye,Open,8.436074,11.929571
Numan,Open,9.395673,11.70744
Numan,Open,9.581033,12.044363
Michika,Open,10.600022,13.502853
Jada,Open,8.875747,12.208513
Mayo-Belwa,Open,9.269553,12.019048
Mubi North,Open,10.298295,13.314954
Hong,Open,10.430733,13.004621
Mayo-Belwa,Open,9.018017,12.010517
Hong,Open,10.38856,13.208864
Song,Open,9.770476,12.584743
Shelleng,Open,9.880929,12.133474
Mubi North,Open,10.274526,13.27943
Girei,Open,9.573472,12.569176
Michika,Open,10.460648,13.490395
Michika,Open,10.568576,13.526648
Fufore,Open,9.6507,12.969031
Toungo,Open,7.908362,11.594226
Gombi,Open,10.144933,12.47625
Ganye,Open,8.272062,12.069034
Gombi,Open,10.051844,12.280994
Maiha,Open,10.050114,13.188608
Jada,Open,8.622543,12.135751
Jada,Open,8.642676,12.108277
Mubi North,Open,10.415003,13.306299
Jada,Open,8.648366,12.235713
Song,Open,9.634237,12.445208
Fufore,Open,9.025129,12.398253
Song,Open,9.851882,12.3563
Michika,Open,10.630351,13.430825
Gombi,Open,10.323066,12.581797
Fufore,Open,9.303433,12.703635
Ganye,Open,8.511509,11.939164
Madagali,Open,10.739426,13.425313
Gombi,Open,10.215463,12.675567
Demsa,Open,9.307503,11.804694
Yola South,Open,9.185931,12.477925
Yola South,Open,9.227901,12.513398
Mayo-Belwa,Open,9.024096,11.835557
Hong,Open,10.37277,13.040782
Mayo-Belwa,Open,9.022451,11.995993
Mubi South,Open,10.189696,13.40497
Ganye,Open,8.505511,11.97875
Song,Open,9.81646,12.1751
Jada,Open,8.757945,12.358171
Michika,Open,10.645087,13.415207
Yola South,Open,9.300467,12.133939
Gombi,Open,10.334975,12.664586
Numan,Open,9.452574,12.030544
Guyuk,Open,9.854935,11.839006
Lamurde,Open,9.486785,11.536575
Song,Open,9.832677,12.613038
Fufore,Open,9.550909,12.847722
Guyuk,Open,9.913274,11.861592
Madagali,Open,10.799603,13.592439
Jada,Open,8.726138,12.542378
Shelleng,Open,9.978045,12.026916
Hong,Open,10.250817,13.016235
Fufore,Open,9.64321,12.862078
Jada,Open,8.518735,12.102345
Girei,Open,9.305456,12.471388
Numan,Open,9.475401,11.982484
Song,Open,9.834433,12.628058
Lamurde,Open,9.506592,11.734079
Yola South,Open,9.148552,12.476721
Song,Open,9.729119,12.733763
Demsa,Open,9.295058,11.807469
Guyuk,Open,9.78211,11.908221
Fufore,Open,9.380205,12.700994
Fufore,Open,9.449948,12.6992
Maiha,Open,10.095226,13.247889
Madagali,Open,10.921963,13.57896
Michika,Open,10.600448,13.363025
Girei,Open,9.484112,12.40732
Demsa,Open,9.408238,11.995223
Toungo,Open,8.218085,12.096925
Fufore,Open,8.979861,12.618429
Mubi South,Open,10.143136,13.370018
Shelleng,Open,10.049965,12.014073
Maiha,Open,9.552189,13.106448
Gombi,Open,10.375167,12.578141
Guyuk,Open,9.846382,11.900065
Toungo,Open,8.176217,12.094916
Mayo-Belwa,Open,9.168015,11.704403
Yola South,Open,9.350495,12.282795
Mubi South,Open,10.168551,13.369599
Demsa,Open,9.233718,11.788478
Lamurde,Open,9.436135,11.526155
Fufore,Open,9.596616,13.051559
Mubi North,Open,10.274218,13.281188
Jada,Open,8.756403,12.167666
Girei,Open,9.56897,12.455293
Ganye,Open,8.465696,11.989013
Madagali,Open,10.825361,13.611711
Fufore,Open,9.4125267,12.7994783
Demsa,Open,9.511467,12.207236
Ganye,Open,8.458377,11.881559
Shelleng,Open,9.893592,12.017506
Madagali,Open,10.878776,13.556028
Maiha,Open,10.07428,13.245323
Girei,Open,9.568663,12.304543
Demsa,Open,9.498064,12.251739
Guyuk,Open,9.811989,11.87052
Madagali,Open,10.883255,13.633829
Gombi,Open,10.2010492,12.2992382
Gombi,Open,10.215263,12.494624
Mayo-Belwa,Open,9.132297,11.773004
Gombi,Open,10.147969,12.567568
Maiha,Open,10.054364,13.236992
Mubi North,Open,10.419433,13.395792
Hong,Open,10.448917,13.006863
Shelleng,Open,9.839016,12.146135
Song,Open,10.076596,12.734058
Madagali,Open,10.749988,13.437554
Girei,Open,9.536312,12.385036
Girei,Open,9.298087,12.501793
Song,Open,10.015108,12.558529
Mubi North,Open,10.30298,13.257404
Ganye,Open,8.471875,12.090966
Guyuk,Open,9.983946,11.961237
Numan,Open,9.485559,12.018274
Fufore,Open,8.946688,12.57744
Girei,Open,9.588601,12.539931
Fufore,Open,9.582136,12.915557
Jada,Open,8.875018,12.184004
Mayo-Belwa,Open,9.08455,11.772967
Gombi,Open,10.177969,12.457021
Mubi North,Open,10.372778,13.386239
Girei,Open,9.509053,12.641997
Guyuk,Open,9.913577,11.931044
Hong,Open,10.384666,12.824471
Mayo-Belwa,Open,9.11223,11.82968
Mayo-Belwa,Open,9.161417,12.010387
Michika,Open,10.537494,13.329888
Yola South,Open,9.306423,12.292764
Numan,Open,9.461786,12.020741
Yola South,Open,9.359113,12.19902
Michika,Open,10.514646,13.280094
Lamurde,Open,9.572448,11.759315
Toungo,Open,7.980473,12.20381
Song,Open,9.74407,12.713365
Maiha,Open,9.98812,13.271383
Madagali,Open,10.744931,13.416565
Madagali,Open,10.687862,13.541299
Fufore,Open,8.993691,12.420233
Mubi North,Open,10.302044,13.249023
Fufore,Open,9.103266,12.472707
Mubi North,Open,10.436079,13.281847
Mubi South,Open,10.13308,13.345524
Demsa,Open,9.632121,12.216384
Yola South,Open,9.286037,12.230487
Yola North,Open,9.231484,12.438595
Jada,Open,8.483477,12.033114
Ganye,Open,8.57246,12.251908
Lamurde,Open,9.611346,11.787224
Mayo-Belwa,Open,8.70385,11.825077
Ganye,Open,8.393133,12.138012
Yola South,Open,9.260188,12.39804
Guyuk,Open,9.720383,11.8833
Lamurde,Open,9.642655,11.825948
Hong,Open,10.224282,12.929915
Yola North,Open,9.286293,12.454157
Gombi,Open,10.143569,12.222778
Shelleng,Open,10.005473,12.022179
Mayo-Belwa,Open,8.709495,11.85383
Gombi,Open,10.039288,12.367553
Fufore,Open,9.251008,12.633352
Gombi,Open,10.164641,12.704655
Maiha,Open,9.890377,13.201801
Jada,Open,8.753574,12.15619
Ganye,Open,8.246768,12.182261
Fufore,Open,9.468563,12.677267
Yola South,Open,9.2592,12.195369
Yola South,Open,9.208325,12.511355
Madagali,Open,10.864434,13.520715
Maiha,Open,9.583517,13.219874
Guyuk,Open,9.765097,11.911835
Gombi,Open,10.233667,12.362992
Numan,Open,9.447375,11.900834
Girei,Open,9.408989,12.514711
Jada,Open,8.618034,12.364165
Yola South,Open,9.204062,12.586948
Girei,Open,9.588769,12.539621
Gombi,Open,10.243093,12.777529
Fufore,Open,9.05226,12.076701
Jada,Open,8.573836,12.382206
Madagali,Open,10.895679,13.375716
Yola North,Open,9.271617,12.446438
Hong,Open,10.40512,13.047678
Mubi North,Open,10.47369,13.282675
Mubi North,Open,10.407505,13.26264
Fufore,Open,9.24395,12.873294
Demsa,Open,9.608511,12.191319
Yola South,Open,9.190722,12.516482
Demsa,Open,9.308144,11.790437
Madagali,Open,10.71218,13.59413
Toungo,Open,8.116425,12.038219
Guyuk,Open,9.6809789,11.8673216
Lamurde,Open,9.51489,11.769013
Toungo,Open,8.153259,11.941342
Fufore,Open,9.294442,12.742002
Mubi North,Open,10.239263,13.406406
Mayo-Belwa,Open,8.775225,11.96003
Demsa,Open,9.225963,11.75184
Lamurde,Open,9.558573,11.674088
Fufore,Open,9.537854,12.85888
Fufore,Open,9.0913883,12.570013
Ganye,Open,8.378979,11.957887
Mubi South,Open,10.271592,13.237051
Hong,Open,10.239216,12.950291
Jada,Open,8.628258,12.437679
Fufore,Open,9.344476,12.682492
Mubi South,Open,10.172959,13.187358
Shelleng,Open,9.941919,12.133236
Guyuk,Open,9.885697,11.896248
Mayo-Belwa,Open,9.001022,11.956537
Toungo,Open,8.118569,12.100539
Numan,Open,9.507234,11.984055
Hong,Open,10.303254,13.166018
Gombi,Open,10.231379,12.638516
Mubi North,Open,10.252184,13.413057
Madagali,Open,10.843017,13.651439
Hong,Open,10.1377916,12.9839575
Abadam,Closed,13.6184276,13.2633409
Ngala,Closed,12.21025,14.29713
Mafa,Closed,11.9516048,13.3273094
Magumeri,Closed,12.241621,12.7641271
Shani,Open,10.1337451,12.0644689
Damboa,Closed,11.2591736,12.453368
Damboa,Closed,11.0269092,12.2604385
Mafa,Closed,12.1892558,13.749072
Bayo,Open,10.2123142,11.6862133
Kukawa,Closed,13.3585493,13.6848571
Hawul,Open,10.4789895,12.2474883
Gubio,Closed,12.8982543,12.81621
Kala/Balge,Closed,11.8095001,14.6051667
Maiduguri,Open,11.8620586,13.1167088
Marte,Closed,12.3473668,13.9131117
Hawul,Open,10.5237797,12.2512951
Chibok,Open,10.7914951,12.9196466
Chibok,Open,10.7247857,12.8844078
Biu,Open,10.7382721,12.14957
Nganzai,Closed,12.1009424,13.2051255
Hawul,Open,10.5791914,12.2939918
Damboa,Closed,10.9322318,12.5261066
Monguno,Closed,12.6226673,13.6062974
Jere,Closed,11.8816352,13.2147684
Dikwa,Closed,12.0219773,13.9977139
Bama,Open,11.5130937,13.6860335
Bama,Closed,11.5077657,13.6719006
Kaga,Closed,11.5157222,12.4285222
Gwoza,Closed,11.0709592,13.7687319
Dikwa,Closed,11.9699514,13.9888798
Biu,Open,10.6173321,12.1980964
Biu,Open,10.8780461,12.1105914
Chibok,Closed,10.9046847,12.7214174
Monguno,Closed,12.5515348,13.4689642
Kukawa,Open,13.3090045,13.5029093
Mafa,Closed,11.8327383,13.4070609
Damboa,Closed,11.2525986,13.1719555
Hawul,Open,10.3667656,12.0478729
Askira/Uba,Open,10.6659139,12.9635915
Marte,Closed,12.45531,13.74321
Biu,Open,10.6206007,12.1694508
Bama,Closed,11.5756427,14.2370203
Maiduguri,Open,11.8394178,13.1714247
Marte,Closed,12.2834241,13.498434
Damboa,Open,11.151115,12.7677229
Monguno,Closed,12.4817798,13.6088083
Askira/Uba,Open,10.4552049,13.2064472
Kukawa,Closed,12.8114467,13.6709761
Jere,Open,11.7484049,13.1010443
Damboa,Closed,11.0855528,12.8970279
Kala/Balge,Closed,12.1968198,14.5012826
Guzamala,Open,13.0009686,12.9907571
Bama,Closed,11.4778773,13.6306953
Kukawa,Closed,12.8961455,13.8629974
Maiduguri,Open,11.8039854,13.1390829
Shani,Open,10.2849627,12.1567476
Bama,Closed,11.6041231,14.2788645
Bama,Closed,11.7322186,13.8114372
Chibok,Closed,10.92224,12.77161
Magumeri,Closed,12.4461341,12.537244
Mobbar,Closed,13.0321548,12.6133281
Damboa,Closed,11.2521962,13.1724348
Nganzai,Closed,12.5410491,13.2827658
Askira/Uba,Open,10.69286,13.00569
Damboa,Closed,11.3092784,12.4772578
Konduga,Closed,11.6155803,13.6563727
Marte,Closed,12.1712776,13.5936157
Bayo,Open,10.3751136,11.8091912
Konduga,Open,11.9552775,13.0005527
Shani,Open,10.0475889,11.9188856
Hawul,Open,10.439203,12.1577172
Mafa,Closed,12.110168,13.6980948
Jere,Open,11.93212,13.2412167
Bayo,Open,10.4050778,11.6491067
Mafa,Closed,12.0415174,13.2476907
Shani,Open,10.1382351,11.9198978
Maiduguri,Open,11.8474702,13.1307596
Mafa,Closed,11.9436145,13.8555939
Shani,Open,10.0984472,12.0009649
Damboa,Closed,11.2344983,12.3807933
Magumeri,Closed,12.3780765,12.678891
Konduga,Closed,11.621023,13.4590531
Bayo,Open,10.4534931,11.7529688
Bama,Closed,11.5188442,13.6795723
Gwoza,Closed,11.0429726,13.6864809
Kukawa,Open,12.789431,13.6728562
Kukawa,Closed,13.0829952,13.8241984
Askira/Uba,Open,10.8176311,13.1891248
Bayo,Open,10.2757349,11.7667562
Chibok,Open,10.8879926,12.9050564
Magumeri,Closed,12.2693022,12.5828161
Kala/Balge,Closed,12.268644,14.4636834
Hawul,Open,10.5629805,12.03665
Jere,Open,11.7771502,13.2161901
Kala/Balge,Closed,12.3612489,14.3602341
Damboa,Closed,11.0687027,13.3341838
Monguno,Closed,12.3580497,13.3004564
Konduga,Closed,11.697162,13.3366542
Ngala,Closed,12.4820472,14.1789245
Damboa,Open,11.0752871,12.7389095
Hawul,Open,10.3761479,12.1241282
Marte,Closed,12.4970517,13.8932829
Jere,Closed,11.7597948,13.2210172
Chibok,Open,10.7703222,12.7967297
Damboa,Closed,11.1676749,12.2807696
Kaga,Closed,11.3229917,12.550788
Abadam,Closed,13.3569596,13.4242466
Konduga,Open,11.8465716,13.0269114
Chibok,Open,10.8107397,12.8713872
Konduga,Open,11.9008752,13.0686635
Nganzai,Closed,12.70084,13.2187131
Gwoza,Closed,10.9874421,13.6686
Kaga,Open,11.7759259,12.3463481
Marte,Closed,12.2483317,13.8019467
Biu,Open,10.6219692,12.2452615
Askira/Uba,Open,10.7495428,13.2162323
Kaga,Open,11.8072186,12.4956088
Damboa,Closed,11.3092056,12.4766591
Biu,Open,10.616196,12.4329998
Bayo,Open,10.4322426,11.770325
Hawul,Open,10.478724,12.1212624
Konduga,Closed,11.5938274,13.3219876
Hawul,Open,10.4403509,12.3408401
Shani,Open,10.0576186,11.9359428
Hawul,Open,10.4929615,12.2476066
Kaga,Closed,11.5552738,12.5499034
Dikwa,Closed,12.1397799,14.0259737
Konduga,Closed,12.0017548,12.9561961
Bama,Closed,11.3883536,13.9447809
Damboa,Closed,11.3100174,12.4768742
Damboa,Closed,11.0841035,12.6851101
Damboa,Open,11.0004079,12.7824095
Monguno,Closed,12.6595354,13.6092185
Askira/Uba,Open,10.4820062,13.0301014
Askira/Uba,Open,10.6931926,13.2024661
Nganzai,Closed,12.4924851,13.158676
Konduga,Closed,11.6753365,13.369506
Guzamala,Open,12.6611477,13.3716166
Hawul,Open,10.5875662,12.0504533
Jere,Open,11.9465902,13.2257671
Nganzai,Open,12.5700814,13.3027911
Askira/Uba,Open,10.6397593,13.1706899
Kaga,Closed,11.2477595,12.6054234
Kukawa,Closed,13.0205696,13.8508672
Mafa,Closed,11.8818468,13.3398853
Kukawa,Closed,12.9554016,13.6923339
Hawul,Open,10.3924885,12.2521653
Biu,Open,10.6032595,12.3837064
Konduga,Closed,11.6758511,13.4113389
Gwoza,Closed,11.1683178,13.4249047
Bayo,Open,10.5890825,11.7518328
Kukawa,Closed,12.7295692,13.6592921
Askira/Uba,Open,10.4998595,13.2393796
Askira/Uba,Open,10.5990896,12.9699037
Konduga,Closed,11.6308732,13.4442944
Hawul,Open,10.3824001,12.2605431
Askira/Uba,Open,10.6841357,13.2673912
Hawul,Open,10.4622959,12.2850813
Mobbar,Closed,12.9156786,12.6138926
Damboa,Closed,11.1908839,12.4696625
Mafa,Closed,11.8820746,13.3727986
Damboa,Open,11.0357215,12.7030282
Kala/Balge,Closed,11.9980602,14.5691787
Kwaya Kusar,Open,10.4321855,12.0262798
Magumeri,Closed,12.1709029,12.7887927
Ngala,Closed,12.3929429,14.187609
Shani,Open,10.0374109,11.973998
Hawul,Open,10.5388053,12.4213173
Hawul,Open,10.5698003,12.459812
Damboa,Open,11.1552412,12.7588902
Kala/Balge,Closed,12.2978379,14.429769
Marte,Closed,12.5310576,13.8493002
Jere,Open,11.8046772,13.172901
Mafa,Closed,11.972341,13.317035
Dikwa,Closed,11.8982431,14.0932554
Hawul,Open,10.5048115,12.3311874
Guzamala,Closed,12.6831042,13.2440729
Gubio,Closed,12.647091,12.7398791
Marte,Closed,12.4064827,13.9223921
Bayo,Open,10.2114082,11.6599873
Marte,Closed,12.1526107,13.9092357
Shani,Open,10.2175051,12.0623446
Askira/Uba,Open,10.5953472,13.0369272
Chibok,Open,10.8760372,12.8510348
Maiduguri,Open,11.8275998,13.1671507
Askira/Uba,Open,10.7147743,13.118451
Hawul,Open,10.4661409,12.4147663
Jere,Closed,11.7644372,13.2156953
Askira/Uba,Open,10.6730524,12.6904207
Hawul,Open,10.4122562,12.1784604
Dikwa,Closed,11.7197328,14.0024128
Biu,Open,10.7676505,12.0248336
Gwoza,Closed,11.1059393,13.505722
Konduga,Closed,11.7668866,12.8539035
Marte,Closed,12.3094852,13.8361667
Askira/Uba,Open,10.778345,13.3114669
Bama,Closed,11.385651,13.6887304
Shani,Open,10.33809,12.0032671
Nganzai,Closed,12.3355721,13.1748502
Marte,Closed,12.2730163,13.7051339
Bama,Closed,11.5175182,13.6882141
Marte,Closed,12.2092886,13.8772247
Bama,Closed,11.5762486,13.6676885
Shani,Open,10.2578064,11.8771879
Kukawa,Open,13.0942082,13.8203371
Hawul,Open,10.3879924,12.0936426
Bayo,Open,10.6035695,11.7150503
Ngala,Closed,12.4911,14.13804
Dikwa,Closed,12.0090402,14.0966323
Damboa,Closed,11.2934004,13.0875859
Askira/Uba,Open,10.6136395,12.9958115
Biu,Open,10.6444333,12.3642681
Guzamala,Open,12.6858026,13.3540589
Hawul,Open,10.5094455,12.3387501
Damboa,Closed,11.0340051,12.5938637
Shani,Open,10.3244637,11.9367737
Konduga,Closed,11.3894931,12.720383
Bama,Closed,11.5122365,13.6951633
Jere,Open,11.8461179,13.1845576
Guzamala,Open,12.6837859,13.4420199
Biu,Open,10.6537329,12.1342902
Monguno,Closed,12.3858618,13.419928
Damboa,Closed,11.1261695,12.3855525
Maiduguri,Open,11.8265393,13.1714879
Hawul,Open,10.5240028,12.25957
Chibok,Open,10.8748385,12.8008518
Hawul,Open,10.5111049,12.328722
Hawul,Open,10.5435157,12.2558305
Bama,Closed,11.2571306,14.1508474
Shani,Open,10.2137917,11.7996502
Konduga,Closed,11.7453567,13.3003012
Dikwa,Closed,12.0164219,13.8601005
Askira/Uba,Open,10.5132417,13.1096017
Hawul,Open,10.4817117,12.4047004
Kukawa,Open,13.0762239,13.7892421
Mobbar,Closed,12.8847635,12.5067008
Konduga,Closed,11.7079672,13.7061731
Bama,Closed,11.3888346,13.9108241
Gwoza,Closed,11.133292,13.8692126
Shani,Open,10.2181542,12.067135
Biu,Open,10.884236,11.9676515
Kukawa,Open,12.9271892,13.5710236
Konduga,Open,11.847109,12.9344902
Kaga,Closed,11.7409906,12.5487294
Jere,Closed,11.9411075,13.0995372
Damboa,Closed,11.0784624,12.947833
Mobbar,Closed,13.15198,12.57821
Shani,Open,10.2861267,11.9631779
Monguno,Closed,12.5062753,13.5156754
Shani,Open,10.139426,12.0364237
Monguno,Closed,12.6392855,13.7359029
Gwoza,Closed,11.10576,13.80363
Gubio,Closed,12.4093291,12.8724196
Shani,Open,10.1438516,12.0231521
Gubio,Closed,12.7287233,12.8823495
Bayo,Open,10.6660756,11.7765045
Biu,Open,10.7355738,12.142092
Damboa,Closed,11.0601119,12.5430249
Damboa,Closed,11.1199688,12.6803263
Biu,Open,10.6301898,12.1895617
Kaga,Closed,11.466939,12.5871643
Hawul,Open,10.3459663,12.2119858
Shani,Open,10.1562379,12.0295071
Mafa,Closed,11.7651512,13.3165537
Biu,Open,11.0338084,12.0556622
Gwoza,Closed,10.971,13.58399
Shani,Open,10.1185745,12.0330924
Mobbar,Closed,13.0874278,12.7383109
Marte,Closed,12.3705752,13.939426
Jere,Closed,11.7311294,13.2662455
Konduga,Closed,11.7330221,13.4005117
Mafa,Open,11.9247563,13.5991886
Kukawa,Closed,13.270751,13.8041225
Dikwa,Open,12.0407436,13.9158171
Kukawa,Closed,12.8627299,13.67642
Askira/Uba,Open,10.6020284,13.034226
Askira/Uba,Open,10.691319,13.2769683
Monguno,Closed,12.522316,13.6002741
Askira/Uba,Open,10.7789708,13.0811581
Shani,Open,10.2142919,12.0106491
Abadam,Closed,13.6708812,13.3363447
Gwoza,Closed,10.9024888,13.3785443
Nganzai,Closed,12.430985,13.3080887
Bayo,Open,10.3712701,11.6419877
Biu,Open,10.8227471,12.4199249
Hawul,Open,10.4805728,12.3346
Hawul,Open,10.332192,12.0871148
Marte,Closed,12.267499,13.9384174
Damboa,Open,11.1489808,12.7540585
Damboa,Closed,10.9730901,12.5638435
Kala/Balge,Closed,12.1753786,14.6715683
Gwoza,Closed,11.047595,13.7001595
Abadam,Closed,13.6509512,13.3031388
Bama,Closed,11.6955535,14.0873131
Kaga,Open,11.8284196,12.6357306
Konduga,Closed,11.6570083,13.2493161
Askira/Uba,Open,10.5256886,13.1339527
Konduga,Closed,11.6739835,13.4500066
Damboa,Closed,11.2247011,12.3113496
Dikwa,Closed,11.9681236,14.0539569
Jere,Closed,11.970621,13.198272
Nganzai,Open,12.4941641,13.2077658
Kwaya Kusar,Open,10.4239352,11.9267164
Kala/Balge,Closed,11.9179002,14.6361424
Hawul,Open,10.481104,12.4338255
Bayo,Open,10.3388335,11.5790629
Konduga,Closed,12.0259315,13.0606025
Dikwa,Closed,11.8512332,13.8244218
Mobbar,Closed,13.3016118,12.7089345
Kwaya Kusar,Open,10.5223631,11.8580953
Maiduguri,Open,11.845361,13.1284201
Monguno,Closed,12.7160686,13.688806
Magumeri,Closed,11.9829485,12.5088648
Askira/Uba,Open,10.7501782,13.2244204
Damboa,Closed,11.0674449,12.521285
Bayo,Open,10.271027,11.603063
Kala/Balge,Closed,12.2937012,14.4652069
Chibok,Closed,10.9235429,12.8883584
Dikwa,Closed,12.02709,14.0444
Gwoza,Closed,11.0938211,13.8453138
Bayo,Open,10.2375328,11.7826077
Damboa,Closed,11.0344367,12.656861
Konduga,Closed,11.2939912,12.8484532
Damboa,Closed,10.9522141,12.6105865
Chibok,Open,10.8487454,12.773285
Konduga,Closed,11.5632541,13.6575966
Bayo,Open,10.6482991,11.777051
Hawul,Open,10.4955636,12.4130762
Marte,Closed,12.2342514,13.6604036
Bama,Closed,11.4234892,13.7586293
Mafa,Closed,11.9191164,13.761593
Bama,Closed,11.7400182,14.3573504
Askira/Uba,Open,10.5930477,13.2289281
Konduga,Open,11.6535774,13.417603
Bama,Closed,11.3551074,14.2089816
Marte,Closed,12.23253,13.96074
Gwoza,Closed,11.0612704,13.7101342
Hawul,Open,10.5250167,12.3114368
Askira/Uba,Open,10.8511757,13.2799509
Konduga,Closed,11.6033323,13.4883077
Biu,Open,10.6586849,12.1619738
Shani,Open,10.2720041,12.025846
Bama,Closed,11.4452939,13.7574572
Damboa,Closed,10.9339289,12.5268164
Bama,Closed,11.3069129,14.1090931
Shani,Open,10.2215629,11.8211352
Dikwa,Closed,11.9537502,14.0010802
Damboa,Closed,11.2113775,13.0877007
Hawul,Open,10.4430843,12.373227
Kala/Balge,Closed,12.0595586,14.5548655
Konduga,Closed,11.7255976,13.2988304
Kukawa,Open,13.1498333,13.5574271
Damboa,Closed,10.9829236,13.2962896
Kaga,Closed,11.3333146,12.6833648
Shani,Open,10.2209276,12.107985
Hawul,Open,10.401465,12.5479105
Kaga,Closed,11.6127143,12.5413612
Shani,Open,10.1854573,12.009803
Kukawa,Closed,13.4149939,13.7936312
Marte,Closed,12.3665071,13.8292712
Biu,Open,10.7012819,12.389195
Hawul,Open,10.5514389,12.1381903
Dikwa,Closed,11.9826538,13.9923331
Nganzai,Closed,12.3212582,13.237186
Monguno,Open,12.6644512,13.6190758
Kala/Balge,Closed,11.9609748,14.3990942
Askira/Uba,Open,10.4183345,13.1964807
Gwoza,Closed,11.1366593,13.7134528
Hawul,Open,10.4930954,12.2100803
Hawul,Open,10.5199288,12.0169176
Biu,Open,10.7312048,12.2089287
Nganzai,Closed,12.3997772,12.9490668
Shani,Open,10.2620459,12.1150339
Biu,Open,10.7711233,12.2008943
Konduga,Closed,11.5384017,13.6729982
Konduga,Closed,11.7463255,13.3640844
Konduga,Closed,11.6602914,13.1134228
Bama,Open,11.5187218,13.6846848
Askira/Uba,Open,10.7057443,12.7416125
Kaga,Closed,11.9052794,12.5538502
Gwoza,Closed,11.0864419,13.7968153
Hawul,Open,10.4380834,12.1897348
Chibok,Open,10.8663435,12.7895349
Monguno,Closed,12.4873985,13.4293229
Damboa,Closed,10.9866346,12.8668412
Konduga,Closed,11.4953984,13.3472666
Magumeri,Closed,12.0467877,12.8865284
Chibok,Open,10.770198,12.8770838
Hawul,Open,10.5294021,12.2877326
Guzamala,Open,12.7008337,13.2932478
Bama,Closed,11.4139393,14.0481086
Jere,Closed,11.8816752,13.3029119
Biu,Open,10.5802519,12.2233259
Damboa,Closed,11.1346827,12.5760306
Hawul,Open,10.5568024,12.3553465
Shani,Open,10.1251459,11.9741803
Shani,Open,10.230884,12.0505536
Hawul,Open,10.5640348,12.184269
Jere,Closed,11.9081796,13.2613296
Chibok,Open,10.7936183,12.7254284
Konduga,Closed,11.7058627,13.3210363
Askira/Uba,Open,10.5655275,13.1687549
Kaga,Closed,11.6687084,12.3120421
Gubio,Closed,12.5735468,12.7901298
Gwoza,Closed,11.0152279,13.6999727
Bayo,Open,10.3246697,11.5581272
Kaga,Closed,11.574379,12.449626
Konduga,Closed,11.5379555,13.4803757
Hawul,Open,10.3473768,12.0225479
Ngala,Closed,12.4212918,14.1271199
Chibok,Open,10.7308999,12.7825783
Gwoza,Open,11.2195776,13.7824262
Mafa,Closed,12.2053256,13.3038655
Konduga,Closed,11.5430421,13.5915115
Jere,Open,11.7914588,13.1508183
Konduga,Open,11.7579336,13.2640495
Kukawa,Closed,13.1168484,13.8600551
Askira/Uba,Open,10.648985,12.9107256
Gwoza,Closed,11.1926309,13.8104898
Dikwa,Open,12.0340312,13.920933
Kaga,Closed,11.6343179,12.3182672
Bama,Open,11.5265756,13.6939105
Shani,Open,10.0720543,12.0017266
Bama,Open,11.5338946,13.7000347
Kaga,Closed,11.5100528,12.5135845
Damboa,Closed,11.0268645,12.6168235
Biu,Open,10.64208,12.14339
Monguno,Closed,12.5302357,13.6985728
Askira/Uba,Open,10.4959847,13.1141935
Askira/Uba,Open,10.7415655,13.13008
Damboa,Open,11.0427758,12.6471695
Damboa,Closed,10.8667354,13.1570557
Bama,Closed,11.6499791,14.1038331
Gubio,Closed,12.6049112,12.8591595
Damboa,Closed,11.2115517,12.5792493
Bama,Open,11.519913,13.6845508
Guzamala,Open,12.66043,13.2783301
Damboa,Closed,11.2294652,12.4726541
Kukawa,Closed,12.7685586,13.7584491
Damboa,Closed,10.8549304,13.1217845
Dikwa,Closed,11.7951789,14.0482441
Bayo,Open,10.281961,11.7007614
Askira/Uba,Open,10.6851491,12.572735
Kwaya Kusar,Open,10.4749572,11.7770305
Monguno,Closed,12.5980952,13.6649899
Kukawa,Open,12.8924822,13.6923213
Dikwa,Closed,12.0529087,13.9959742
Damboa,Closed,11.2028178,13.0094236
Hawul,Open,10.4094454,12.5210345
Hawul,Open,10.4882682,12.2774164
Bama,Closed,11.4710248,13.7636
Magumeri,Closed,12.001099,12.9520226
Kukawa,Closed,13.0618318,13.7735239
Bama,Closed,11.3380434,14.2303096
Kaga,Closed,11.6956044,12.5842893
Magumeri,Closed,12.3909117,12.49392
Hawul,Open,10.3559223,12.103305
Dikwa,Closed,12.1124472,13.9892283
Mafa,Closed,11.7983141,13.3554918
Abadam,Closed,13.6939908,13.3384027
Biu,Open,10.9894129,12.1513364
Askira/Uba,Open,10.75491,13.31072
Hawul,Open,10.2972284,12.0796684
Guzamala,Open,12.8246705,13.1912312
Jere,Open,11.7962257,13.1942305
Damboa,Closed,10.9873205,12.9765538
Damboa,Closed,11.1448744,12.720935
Marte,Closed,12.36937,13.988676
Hawul,Open,10.4711,12.1681612
Marte,Closed,12.4783245,13.8121795
Damboa,Closed,10.8370414,12.4427264
Monguno,Closed,12.5103683,13.4287302
Damboa,Open,11.0601065,12.8071662
Damboa,Closed,11.0983403,12.628298
Hawul,Open,10.4901386,12.3580161
Hawul,Open,10.5501989,12.0578788
Bayo,Open,10.5640909,11.660217
Shani,Open,10.1031919,12.0297205
Mafa,Closed,11.9684502,13.277514
Hawul,Open,10.515068,12.3847642
Konduga,Closed,11.5885945,13.5105852
Chibok,Open,10.9036973,12.8322003
Hawul,Open,10.6158465,12.4457264
Kukawa,Closed,12.8626366,13.851869
Jere,Open,11.8667332,13.170428
Kala/Balge,Closed,12.0822465,14.4649923
Ngala,Closed,12.3644648,14.0869038
Askira/Uba,Open,10.6697728,13.2719267
Kwaya Kusar,Open,10.4675911,11.9987453
Hawul,Open,10.5818593,12.0307998
Gwoza,Closed,11.2204648,13.9297211
Hawul,Open,10.451887,12.0850025
Askira/Uba,Open,10.5803368,13.2042416
Damboa,Closed,10.8732866,13.3274159
Chibok,Open,10.8327608,12.7984178
Hawul,Open,10.558979,12.2821114
Askira/Uba,Open,10.5831376,13.2163528
Maiduguri,Open,11.9039965,13.113996
Dikwa,Closed,12.0695129,14.0171746
Chibok,Open,10.9106269,12.8062276
Bama,Open,11.5294015,13.6817134
Kwaya Kusar,Open,10.4706869,11.9153867
Konduga,Open,11.8354207,13.0668663
Konduga,Open,11.8412212,12.7722668
Gwoza,Closed,11.1063392,13.8153008
Gwoza,Closed,11.0009886,13.6763624
Bayo,Open,10.3086893,11.5840805
Konduga,Closed,11.3877919,12.9608101
Monguno,Closed,12.4034783,13.5690577
Hawul,Open,10.5211801,12.4346511
Jere,Open,11.8651453,13.2398226
Magumeri,Closed,12.2483588,12.7393854
Hawul,Open,10.5013177,12.3786159
Kwaya Kusar,Open,10.5547417,11.928095
Bayo,Open,10.313213,11.7483523
Dikwa,Closed,11.8752015,13.833096
Bayo,Open,10.6054718,11.6916516
Kaga,Closed,11.7571877,12.5033731
Hawul,Open,10.5604552,12.1619503
Ngala,Closed,12.3700583,14.1761398
Maiduguri,Open,11.8453125,13.1506826
Kala/Balge,Closed,12.1922917,14.5992682
Marte,Closed,12.49003,13.90857
Bayo,Open,10.488866,11.6617934
Jakusko,Open,12.3037658,10.8342585
Fune,Open,12.0301205,11.0050499
Fika,Open,11.46624,10.93666
Fika,Open,11.3202363,10.9768814
Gulani,Open,11.0480379,11.9132217
Potiskum,Open,11.7093517,11.0561006
Gulani,Open,10.9222336,11.7591313
Nguru,Open,12.9849595,10.3713132
Gulani,Open,10.7288736,11.6898823
Yunusari,Open,13.1894356,11.4488214
Fika,Open,11.3327837,11.1262965
Nangere,Open,11.6403748,10.9456246
Bade,Open,12.5528835,11.1500219
Jakusko,Open,12.5710527,10.7072778
Yunusari,Open,13.096599,12.0987475
Gujba,Open,11.2655246,12.0087862
Jakusko,Open,12.7664498,10.8133083
Nangere,Open,11.6008564,11.0213998
Damaturu,Open,11.73927,12.0131
Fune,Open,11.6135252,11.3137937
Gujba,Open,11.2823635,12.0052028
Tarmuwa,Open,12.098084,11.7955359
Gulani,Open,11.0711159,11.6553057
Fika,Open,11.4614893,11.0253341
Potiskum,Open,11.7195974,11.0985862
Fika,Open,11.2840447,11.2356365
Machina,Open,12.877658,9.7298903
Bursari,Open,12.962753,11.5660768
Bursari,Open,12.49937,11.50424
Geidam,Close,12.5723828,12.0193974
Machina,Open,13.0649522,9.9748816
Fika,Open,11.5113867,10.9777482
Nguru,Open,12.8600036,10.4324703
Nangere,Open,11.9535273,10.8835201
Jakusko,Open,12.0662984,10.8247127
Bursari,Open,12.8781677,11.1112927
Tarmuwa,Open,12.4649254,11.6816789
Yunusari,Open,13.0969101,12.0988119
Nangere,Open,11.6793669,10.9381427
Jakusko,Open,12.6883608,10.770484
Bursari,Open,12.7956024,11.3912796
Yusufari,Open,13.2588456,10.5046265
Bade,Open,12.8551792,10.6876974
Bade,Open,12.7746693,10.5890678
Nguru,Open,12.872889,10.4227179
Fika,Open,11.2757721,11.4360001
Fika,Open,11.3389566,11.0184999
Gujba,Open,11.3183481,11.7329907
Fune,Open,11.786812,11.3520366
Gulani,Open,11.0706594,11.840563
Bade,Open,12.8597115,10.8334369
Gulani,Open,11.0959246,11.8648798
Yunusari,Open,13.1014216,12.1048737
Gujba,Open,11.3519726,11.8088986
Tarmuwa,Open,12.2626734,11.51173
Fika,Open,11.3413828,11.2466028
Bursari,Open,12.8725191,11.5905051
Nangere,Open,11.5972644,10.9586414
Fika,Open,11.3163796,11.1345394
Fune,Open,11.4915383,11.4547437
Fika,Open,11.3514639,11.2885359
Gujba,Close,11.3145836,12.110646
Fune,Open,11.8677181,11.1005527
Nangere,Open,11.8594301,11.0695946
Karasuwa,Open,12.8940064,10.7447845
Jakusko,Open,12.3377756,11.1943609
Bade,Open,12.8445518,10.8760407
Nangere,Open,11.7241452,10.9931456
Fune,Open,11.4457798,11.4209211
Potiskum,Open,11.6560382,11.1012071
Fune,Open,11.5866387,11.561619
Yunusari,Open,13.0711824,11.6731399
Bade,Open,12.5940663,11.1423639
Bursari,Open,12.8870982,11.2208285
Jakusko,Open,12.5965822,10.6256525
Gujba,Open,11.2798584,12.013818
Jakusko,Open,12.6474149,10.8519867
Gulani,Open,10.7961591,11.5654594
Fika,Open,11.54379,11.03738
Jakusko,Open,12.5182083,10.7529855
Geidam,Open,12.5637545,11.8008746
Fune,Open,11.790331,11.3252413
Bade,Open,12.8564289,10.7992961
Fika,Open,11.3146359,10.9852982
Karasuwa,Open,12.9593986,11.0195661
Potiskum,Open,11.6811204,11.1058231
Bursari,Open,12.4921917,11.4922699
Jakusko,Open,12.6113573,10.7711572
Gulani,Open,11.0095979,11.7976788
Gujba,Close,11.4461446,12.0685405
Bade,Open,12.877167,10.8627304
Fune,Open,11.9704843,11.0648042
Fika,Open,11.4084522,11.0650366
Potiskum,Open,11.7093819,11.055513
Nguru,Open,12.8762641,10.4580672
Fune,Open,11.4215004,11.4327818
Gulani,Open,10.7656328,11.6724922
Jakusko,Open,12.7393962,10.9240173
Tarmuwa,Open,12.2836825,11.8913634
Gujba,Open,11.5657228,11.9168508
Fika,Open,11.3523922,11.4210606
Yunusari,Open,13.0657321,11.4629728
Potiskum,Open,11.7917316,11.2321009
Gulani,Open,10.9903268,11.7784938
Bade,Open,12.8665669,10.8726745
Machina,Open,13.0510492,10.1630679
Karasuwa,Open,12.8779399,10.9765595
Potiskum,Open,11.7562455,11.1102247
Fika,Open,11.4897933,11.2306109
Jakusko,Open,12.1246755,10.8254181
Nangere,Open,11.9247633,11.0306811
Fika,Open,11.2605687,11.4389389
Nangere,Open,11.771577,11.0866159
Fune,Open,11.6704631,11.5355855
Nangere,Open,11.7971331,11.0304987
Jakusko,Open,12.374687,10.7801597
Bursari,Open,12.8276231,11.0857326
Gulani,Open,10.921106,11.5943675
Fika,Open,11.6113299,11.2444412
Bursari,Open,12.8101035,11.2940405
Fika,Open,11.2695801,11.4075047
Jakusko,Open,12.6969113,10.8326251
Gujba,Open,11.2900293,11.9990927
Fune,Open,11.4744365,11.5320182
Jakusko,Open,12.3537207,10.8222484
Karasuwa,Open,12.9062587,10.7113642
Fune,Open,11.5922928,11.536755
Yusufari,Open,13.08455,10.4599495
Bade,Open,12.8649676,11.0378016
Jakusko,Open,12.5308682,10.8490943
Fika,Open,11.5618833,11.1602756
Fune,Open,11.5557718,11.4076281
Fune,Open,11.7701018,11.5678203
Fika,Open,11.2809634,11.1424273
Yusufari,Open,13.0483557,10.479786
Gulani,Open,10.6278362,11.5678964
Potiskum,Open,11.6896754,11.1806794
Fika,Open,11.2778429,11.5275261
Nangere,Open,11.6667053,10.9801675
Jakusko,Open,12.7722586,10.8961632
Yusufari,Open,13.1928342,10.557912
Bade,Open,12.8710544,11.0269094
Yunusari,Open,13.1149292,11.6020078
Karasuwa,Open,12.9683411,10.6112266
Fika,Open,11.5826089,11.0953481
Tarmuwa,Open,12.1680373,11.4712303
Bade,Open,12.7129093,10.6910035
Geidam,Open,12.8338015,11.6879189
Fune,Open,11.979233,11.4406132
Yunusari,Open,13.1274658,11.5078086
Nangere,Open,11.6137033,10.9471728
Karasuwa,Open,12.8803164,10.9452903
Fune,Open,11.6774637,11.7819572
Fune,Open,11.7177236,11.8205166
Nguru,Open,12.87298,10.4401995
Jakusko,Open,12.666962,10.8892416
Gulani,Open,11.02206,11.5074334
Bade,Open,12.807227,10.6599467
Fune,Open,11.876328,11.4613044
Fune,Open,11.6169316,11.3471067
Yunusari,Open,13.1284368,11.4404047
Nangere,Open,11.6433252,10.985104
Karasuwa,Open,12.9117143,10.5972308
Yunusari,Open,13.0926347,11.5337187
Tarmuwa,Close,12.360985,12.2241936
Tarmuwa,Open,12.103042,11.7109176
Fika,Open,11.2913275,11.1142266
Nangere,Open,11.8634749,10.9448612
Jakusko,Open,12.2715176,11.1054943
Fune,Open,11.5860003,11.3253433
Nangere,Open,11.5770051,10.9434445
Geidam,Open,12.703967,11.7989371
Fika,Open,11.3589245,10.953911
Fika,Open,11.3650078,11.1116785
Jakusko,Open,12.5931872,10.8940238
Bursari,Open,12.8771421,11.0822229
Fika,Open,11.1986792,11.4895683
Gulani,Open,10.6937844,11.5378286
Nangere,Open,11.7760617,11.0592574
Nangere,Open,11.9454861,11.0160524
Damaturu,Open,11.9650917,11.7544534
Yunusari,Open,13.0331808,11.6727376
Damaturu,Close,11.84455,12.09146
Yunusari,Open,12.9031634,11.8509382
Potiskum,Open,11.7206579,11.0644448
Damaturu,Open,11.7128124,11.9556547
Tarmuwa,Open,12.4875227,11.6641776
Bursari,Open,12.8791899,11.4208674
Jakusko,Open,12.0909232,10.927947
Gujba,Open,11.33404,11.77178
Machina,Open,13.0547837,10.0620834
Gulani,Open,11.0353585,11.7356672
Bursari,Open,12.8900624,11.0708206
Fune,Open,11.6796845,11.3150758
Gulani,Open,10.6040819,11.5848877
Fune,Open,11.6684085,11.4141512
Bursari,Open,12.8092919,11.1615385
Fika,Open,11.3243723,11.4971334
Nguru,Open,12.8724435,10.3048501
Karasuwa,Open,13.0294311,10.6109208
Bursari,Open,12.8108122,11.4004036
Potiskum,Open,11.7106621,11.0806299
Karasuwa,Open,12.9835278,10.6479138
Potiskum,Open,11.7279853,11.1048334
Fune,Open,11.5626651,11.3230956
Jakusko,Open,12.0233386,10.8230617
Bade,Open,12.619239,11.0220479
Potiskum,Open,11.7561704,11.158365
Fika,Open,11.3866129,11.2595457
Karasuwa,Open,12.9200721,10.5433238
Nangere,Open,11.6994996,10.9897244
Fika,Open,11.4333668,11.2631553
Nguru,Open,12.8729147,10.459046
Bade,Open,12.7095815,10.6626405
Jakusko,Open,12.7052323,11.0167218
Nangere,Open,11.6696745,11.0218938
Gujba,Open,11.4887764,12.3131613
Fune,Open,11.6869801,11.6714394
Gulani,Open,10.9887526,11.7464692
Bursari,Open,12.8162921,11.5847772
Bursari,Open,12.6838201,11.1873586
Gujba,Open,11.2676919,11.7222726
Potiskum,Open,11.6108896,11.2173992
Nguru,Open,12.9221866,10.4680141
Fune,Open,11.824733,11.6098988
Potiskum,Open,11.6834772,11.0784888
Fika,Open,11.303156,11.21077
Jakusko,Open,12.4725431,10.8569761
Potiskum,Open,11.6451433,11.0344377
Fune,Open,11.741091,11.5281612
Nangere,Open,11.7572754,11.0116666
Nangere,Open,11.8371034,11.1326587
Bade,Open,12.8162681,10.6763332
Jakusko,Open,12.6156382,10.6628173
Potiskum,Open,11.6829739,11.1976406
Tarmuwa,Close,12.0559509,11.966257
Karasuwa,Open,13.0462915,10.8453941
Fika,Open,11.3378263,10.9742314
Karasuwa,Open,12.8920752,10.9104753
Bursari,Open,12.8360856,11.0664737
Bade,Open,12.8662237,10.9805821
Jakusko,Open,12.4688945,10.8715088
Geidam,Open,12.8057325,11.8268935
Damaturu,Open,11.82273,11.90651
Nangere,Open,11.8790209,10.9665817
Yusufari,Open,13.169506,10.2573512
Bursari,Open,12.8148112,11.056851
Gujba,Close,11.3747013,12.1591938
Fune,Open,11.9578081,11.0826623
Bade,Open,12.69939,10.59441
Potiskum,Open,11.6718015,11.139519
Bursari,Open,12.8866688,11.1507652
Fune,Open,11.6768199,11.3394839
Gulani,Open,11.0679499,11.8055569
Fune,Open,11.6300798,11.3723677
Damaturu,Close,11.9671315,12.0543516
Gujba,Open,11.2920946,11.5881085
Bursari,Open,12.8290307,11.3323526
Jakusko,Open,12.5330657,10.6779084
Yusufari,Open,13.3683816,11.0039259
Bursari,Open,12.7927316,11.3596824
Fika,Open,11.2168145,11.4005112
Bursari,Open,12.8911822,11.6463506
Fune,Open,11.7495132,11.590029
Tarmuwa,Close,12.0628375,11.9354136
Jakusko,Open,12.6389954,10.7058137
Bade,Open,12.6904772,10.6582232
Fika,Open,11.1256334,11.4813355
Fune,Open,11.506387,11.5155065
Yunusari,Close,12.9576391,12.1074861
Nangere,Open,11.8543553,11.0503578
Fika,Open,11.3673949,11.0910201
Nguru,Open,12.9176304,10.5073482
Karasuwa,Open,12.8260553,10.5268389
Bursari,Open,12.8496953,11.2754468
Jakusko,Open,12.5854594,10.7382918
Geidam,Open,12.8368914,11.7474747
Bursari,Open,12.8157706,11.3766441
Fune,Open,11.5082109,11.4393801
Yunusari,Open,12.8926331,11.7128044
Gujba,Open,11.4968383,11.9357657
Gulani,Open,11.0583272,11.9264219
Potiskum,Open,11.7130512,11.0679424
Bursari,Open,12.7003628,11.2289855
Fika,Open,11.5720071,11.2614565
Jakusko,Open,12.6893471,10.6749636
Jakusko,Open,12.8074827,10.9062366
Karasuwa,Open,13.0358362,10.5276918
Yunusari,Open,13.0172002,11.9298381
Fune,Open,11.6638005,11.4534885
Fika,Open,11.4384681,11.1874348
Gulani,Open,11.0212381,11.7888413
Fune,Open,11.5295774,11.4587134
Fune,Open,11.6939378,11.6936213
Jakusko,Open,12.6259511,10.8177611
Fune,Open,11.5173948,11.542452
Yunusari,Open,13.0872971,11.7778587
Yusufari,Open,12.9848828,11.1533283
Fika,Open,11.3256804,11.0562451
Nangere,Open,11.8290407,11.02485
Bade,Open,12.8480783,10.7628537
Bursari,Open,12.8753453,11.3101288
Nangere,Open,11.5720683,11.0089755
Fune,Open,11.919694,11.6408783
Jakusko,Open,12.7100364,10.8749725
Machina,Open,12.9162029,9.8993869
Fika,Open,11.3355201,11.0691799
Jakusko,Open,12.1144617,10.9628077
Machina,Open,12.8968241,9.7660158
Fika,Open,11.2786728,11.225608
Fune,Open,11.4625597,11.4661378
Bade,Open,12.8243829,10.8040514
Yunusari,Close,12.9740167,12.2325844
Nangere,Open,11.8361056,11.0877103
Bade,Open,12.87652,10.82923
Karasuwa,Open,13.0056453,10.8661115
Geidam,Open,12.8070137,11.9864425
Bade,Open,12.8476136,10.8450973
Fika,Open,11.3270652,11.46411
Gujba,Close,11.4573405,12.3001624
Jakusko,Open,12.7126091,10.7193162
Gulani,Open,10.9295136,11.5362293
Bursari,Open,12.7655869,11.6196759
Jakusko,Open,12.2048066,10.8779284
Bade,Open,12.8600756,10.9592883
Karasuwa,Open,12.9423183,11.0246301
Fune,Open,11.465494,11.4215326
Jakusko,Open,12.514427,10.7916599
Bade,Open,12.8767206,10.8245856
Machina,Open,13.1401043,10.0455012
Yunusari,Open,13.2960641,11.5913701
Geidam,Open,12.888819,11.9253695
Karasuwa,Open,13.0006617,10.6108832
Yusufari,Open,13.0637119,11.1691511
Bursari,Open,12.7650019,11.2774531
Tarmuwa,Open,12.082624,11.7222198
Gulani,Open,10.9097457,11.5485191
Jakusko,Open,12.6049048,10.9806272
Nangere,Open,11.841411,10.9660882
Jakusko,Open,12.5052703,11.17928
Jakusko,Open,12.7235898,10.8498521
Fika,Open,11.0442531,11.460548
Karasuwa,Open,12.9712862,11.1632091
Damaturu,Open,11.7063756,11.8394616
Bade,Open,12.8387129,10.9086543
Nangere,Open,11.7794667,10.9547993
Bursari,Open,12.8274489,11.5588703
Yusufari,Open,13.0366525,10.9413917
Gujba,Close,11.6082855,12.2960672
Potiskum,Open,11.7430008,11.1272568
Mubi North,Open,10.274752,13.279171
Guyuk,Open,9.91177,11.938712
Jada,Open,8.774273,12.615795
Yola North,Open,9.264758,12.45701
Yola South,Open,9.199503,12.48503
Yola South,Open,9.19509,12.481485
Yola North,Open,9.268193,12.458981
Yola South,Open,9.209266,12.465215
Girei,Open,9.32063,12.479325
Jada,Open,8.783875,12.672365
Demsa,Open,9.426189,12.123214
Machina,Open,13.0125184,10.2302413
Hawul,Open,10.5116273,12.3285471
Shani,Open,10.2303261,12.0488477
Damboa,Open,11.0432344,12.6472186
Bama,Closed,11.6547355,14.1097476
Kala/Balge,Closed,11.9176537,14.6365407
Shani,Open,10.0472661,11.9185758
Biu,Open,10.908619,12.0869852
Kukawa,Closed,12.8593093,13.8465955
Hawul,Open,10.5173812,12.2088031
Biu,Open,10.6294893,12.1894822
Askira/Uba,Open,10.6735334,12.6902951
Biu,Open,10.6176735,12.1977833
Kukawa,Closed,13.116478,13.8603376
Kala/Balge,Closed,12.0826274,14.4650352
Chibok,Open,10.8831271,12.8382857
Maiduguri,Open,11.804829,13.1354347
Konduga,Closed,11.6578243,13.0298763
Hawul,Open,10.3928309,12.251969
Biu,Open,10.6277514,12.1748851
Hawul,Open,10.4368876,12.1006514
Bama,Open,11.5269291,13.6934678
Hawul,Open,10.5697329,12.4602248
Kukawa,Open,12.9262826,13.5709697
Kala/Balge,Closed,12.2681239,14.4636905
Biu,Open,10.6165854,12.1797139
Shani,Open,10.2798625,12.1418265
Monguno,Open,12.6717195,13.6158692
Bayo,Open,10.3517086,11.6082864
Askira/Uba,Open,10.6391354,12.9093702
Shani,Open,10.1028457,12.0293442
Askira/Uba,Open,10.5261499,13.1338899
Hawul,Open,10.5295596,12.2873317
Gubio,Open,12.4803346,12.7882033
Bayo,Open,10.3822156,11.6919073
Kaga,Open,11.8070092,12.4893663
Bayo,Open,10.4417151,11.7042328
Marte,Closed,12.3663515,13.8289011
Hawul,Open,10.4529148,12.1580166
Guzamala,Open,12.6833251,13.4416247
Bama,Closed,11.3462073,14.2067289
Hawul,Open,10.5241553,12.2508008
Konduga,Closed,11.6975781,13.3424878
Kala/Balge,Closed,12.3617457,14.3601044
Maiduguri,Open,11.8445867,13.1507346
Askira/Uba,Open,10.704297,12.7463554
Nganzai,Open,12.4935526,13.2072079
Askira/Uba,Open,10.5271362,13.1358003
Kala/Balge,Closed,11.9611821,14.3994543
Yunusari,Open,13.0873829,11.7776495
Karasuwa,Open,12.8774732,10.9753311
Gulani,Open,10.7158871,11.6881887
Nguru,Open,12.868063,10.427513
Fika,Open,11.3315255,11.1287941
Fune,Open,11.688804,11.6089386
Fune,Open,11.9793248,11.4409679
Nangere,Open,11.6458045,10.9837351
Nguru,Open,12.8725701,10.3046447
Geidam,Open,12.8873406,11.9248556
Potiskum,Open,11.6873672,11.1936837
Gulani,Open,11.0695493,11.8049854
Jakusko,Open,12.8137616,10.8529519
Gulani,Open,11.0344018,11.7365848
Machina,Open,13.1376484,10.0490693
Potiskum,Open,11.6105011,11.2174207
Machina,Open,13.1282741,10.048348
Machina,Open,13.0692033,9.9339352
Gujba,Open,11.5659535,11.916755
Nangere,Open,11.847564,11.0707533
Nangere,Open,11.7714161,11.0863155
Fune,Open,11.46249,11.4663953
Bade,Open,12.8768262,10.862566
Bade,Open,12.871348,11.0278612
Gulani,Open,10.9328977,11.6828267
Geidam,Open,12.9061461,11.9384694
Fika,Open,11.2973678,11.2283546
Fune,Open,11.6767877,11.3399828
Jakusko,Open,12.6967393,10.8323254
Madagali,Open,10.84119,13.390357
Numan,Open,9.507239,11.983553
Michika,Open,10.544843,13.289622
Fufore,Open,9.344835,12.78104
Hong,Open,10.358758,12.864219
Song,Open,9.694567,12.442455
Fufore,Open,9.392624,12.795746
Fufore,Open,9.1950052,12.8763928
Gombi,Open,10.15501,12.419832
Demsa,Open,9.458894,12.224649
Toungo,Open,8.218309,12.096168
Fufore,Open,8.9690689,12.405332
Maiha,Open,9.890866,13.2020187
Gombi,Open,10.254379,12.572834
Girei,Open,9.363946,12.552512
Gombi,Open,10.170706,12.735589
Gombi,Open,10.0578561,12.3780617
Demsa,Open,9.42482,12.139771
Lamurde,Open,9.567851,11.869909
Mubi South,Open,10.257199,13.3398
Maiha,Open,10.124409,13.148977
Yola North,Open,9.291254,12.419534
Mubi South,Open,10.258017,13.271887
Demsa,Open,9.411806,12.133303
Fufore,Open,8.84872,12.470798
Hong,Open,10.159299,12.930219
Girei,Open,9.301112,12.483624
Ganye,Open,8.560538,12.00838
Mubi North,Open,10.347602,13.324805
Girei,Open,9.379548,12.601914
Fufore,Open,9.057969,12.659156
Fufore,Open,9.109764,12.877209
Lamurde,Open,9.638993,11.814307
Lamurde,Open,9.604551,11.798097
Hong,Open,10.15227,12.934562
Demsa,Open,9.271193,11.902419
Mubi North,Open,10.298551,13.315433
Guyuk,Open,9.6857395,11.8953939
Michika,Open,10.578944,13.336379
Maiha,Open,9.552324,13.106218
Ganye,Open,8.2716,12.069045
Maiha,Open,9.957084,13.228143
Guyuk,Open,9.983983,11.961024
Michika,Open,10.622101,13.381784
Madagali,Open,10.687502,13.541155
Numan,Open,9.457726,12.018909
Maiha,Open,9.668017,13.227799
Mayo-Belwa,Open,9.076845,11.848891
Gombi,Open,10.099497,12.330838
Numan,Open,9.464272,12.038008
Fufore,Open,8.841389,12.57077
Mayo-Belwa,Open,9.080232,11.782319
Demsa,Open,9.474811,12.290292
Fufore,Open,9.574247,12.898314
Girei,Open,9.344143,12.524311
Guyuk,Open,9.81225,11.870364
Demsa,Open,9.271202,11.770899
Hong,Open,10.206517,13.108604
Ganye,Open,8.476783,11.965488
Gombi,Open,10.204353,12.737746
Michika,Open,10.586175,13.517851
Mayo-Belwa,Open,9.046386,12.055508
Lamurde,Open,9.604875,11.79827
Madagali,Open,10.782739,13.439187
Shelleng,Open,9.707333,12.174241
Guyuk,Open,9.705648,11.935383
Ganye,Open,8.446185,12.049985
Yola South,Open,9.2204944,12.5824815
Michika,Open,10.550886,13.303644
Hong,Open,10.250362,13.029726
Demsa,Open,9.499474,12.147036
Yola South,Open,9.1929288,12.479032
Demsa,Open,9.608832,12.191841
Song,Open,9.722044,12.247136
Hong,Open,10.466987,12.987056
Lamurde,Open,9.523783,11.637252
Ganye,Open,8.553376,11.846774
Mayo-Belwa,Open,8.686058,11.91817
Hong,Open,10.3862732,13.0432446
Guyuk,Open,9.856617,11.932969
Demsa,Open,9.463172,12.089256
Shelleng,Open,9.996042,12.059641
Song,Open,9.694928,12.442067
Hong,Open,10.329719,12.947246
Song,Open,9.838665,12.630041
Fufore,Open,9.16196,12.63404
Mayo-Belwa,Open,9.145361,11.913017
Madagali,Open,10.778904,13.351773
Hong,Open,10.356373,13.162535
Shelleng,Open,9.862348,12.080974
Girei,Open,9.4553931,12.3581044
Lamurde,Open,9.487688,11.554629
Ganye,Open,8.521174,11.92522
Shelleng,Open,9.893328,12.017804
Yola North,Open,9.247154,12.444221
Guyuk,Open,9.83804,11.887884
Mubi North,Open,10.320929,13.262837
Guyuk,Open,9.796868,11.96331
Madagali,Open,10.735101,13.401409
Gombi,Open,10.079789,12.546004
Mayo-Belwa,Open,8.95136,12.062437
Madagali,Open,10.735045,13.407599
Girei,Open,9.490732,12.450825
Guyuk,Open,9.784761,11.909584
Mubi South,Open,10.262479,13.258797
Mayo-Belwa,Open,8.844287,11.95421
Gombi,Open,10.0544464,12.3604661
Mayo-Belwa,Open,9.161682,12.010013
Hong,Open,10.249095,13.02979
Mayo-Belwa,Open,8.996562,11.956883
Fufore,Open,9.29499,12.71317
Girei,Open,9.460059,12.361693
Yola North,Open,9.285883,12.454031
Yola North,Open,9.248114,12.42625
Mayo-Belwa,Open,9.080464,11.782015
Gombi,Open,10.328397,12.674729
Lamurde,Open,9.51935,11.897822
Numan,Open,9.45158,11.753728
Song,Open,9.653411,12.558823
Gombi,Open,10.123757,12.708546
Demsa,Open,9.297532,11.762339
Girei,Open,9.456468,12.354881
Girei,Open,9.501919,12.575053
Guyuk,Open,9.709167,11.874923
Hong,Open,10.169928,12.974867
Demsa,Open,9.250711,11.860404
Yola South,Open,9.2037668,12.5870611
Hong,Open,10.236494,12.919634
Mubi South,Open,10.172719,13.187538
Maiha,Open,10.206592,13.126036
Hong,Open,10.344358,12.903826
Demsa,Open,9.316325,11.810542
Song,Open,9.8199893,12.3066329
Yola South,Open,9.28308,12.207777
Hong,Open,10.404877,12.851696
Maiha,Open,9.64237,13.103085
Maiha,Open,9.667898,13.228024
Hong,Open,10.296615,12.886471
Song,Open,9.801864,12.372178
Fufore,Open,9.24298,12.874501
Fufore,Open,9.034141,12.212544
Jada,Open,8.576352,12.133179
Mayo-Belwa,Open,9.068425,12.037396
Gombi,Open,10.402359,12.572523
Song,Open,9.7069,12.260581
Jada,Open,8.631438,12.325128
Gombi,Open,10.4157909,12.5659564
Jada,Open,8.829859,12.09032
Madagali,Open,10.724379,13.345666
Hong,Open,10.178188,12.816112
Demsa,Open,9.493157,12.133404
Yola North,Open,9.262215,12.443954
Madagali,Open,10.735552,13.490197
Girei,Open,9.331386,12.438567
Fufore,Open,9.561002,12.788405
Mubi North,Open,10.456913,13.369709
Guyuk,Open,9.662591,11.837368
Hong,Open,10.154814,13.006858
Song,Open,9.805658,12.721626
Fufore,Open,9.102897,12.472879
Song,Open,9.825329,12.625608
Girei,Open,9.536671,12.384872
Hong,Open,10.22371,12.929935
Mubi South,Open,10.145165,13.410202
Numan,Open,9.612576,12.050079
Hong,Open,10.337646,12.977413
Lamurde,Open,9.524401,11.636868
Fufore,Open,9.224039,12.647829
Jada,Open,8.753912,12.153579
Fufore,Open,9.229268,12.23195
Demsa,Open,9.403675,11.916993
Mubi North,Open,10.402453,13.315411
Demsa,Open,9.510346,12.192712
Hong,Open,10.4624559,12.8444704
Girei,Open,9.529955,12.500097
Guyuk,Open,9.793104,11.916995
Fufore,Open,9.024876,12.398534
Yola North,Open,9.284428,12.450151
Shelleng,Open,9.812776,12.101752
Hong,Open,10.239917,12.933899
Yola South,Open,9.260338,12.397827
Jada,Open,8.576885,12.372664
Michika,Open,10.523073,13.423555
Toungo,Open,8.120101,12.041257
Numan,Open,9.454234,12.020601
Michika,Open,10.62512,13.39553
Fufore,Open,9.192756,12.875124
Numan,Open,9.46038,11.67879
Mubi North,Open,10.370023,13.230453
Michika,Open,10.650864,13.297492
Madagali,Open,10.813298,13.461884
Mubi North,Open,10.215998,13.458999
Hong,Open,10.352533,13.099102
Yola North,Open,9.2815276,12.4331926
Ganye,Open,8.429898,11.951594
Shelleng,Open,9.847655,12.174681
Yola South,Open,9.286236,12.230426
Demsa,Open,9.537142,12.157426
Song,Open,9.928988,12.61804
Numan,Open,9.612145,12.050588
Yola North,Open,9.230921,12.423201
Madagali,Open,10.895321,13.616267
Hong,Open,10.403512,13.049562
Lamurde,Open,9.572749,11.759151
Michika,Open,10.651495,13.332452
Hong,Open,10.142101,12.993931
Hong,Open,10.385748,13.041258
Madagali,Open,10.890142,13.375099
Jada,Open,8.780734,12.166078
Fufore,Open,9.205139,12.678189
Gombi,Open,10.213222,12.340894
Demsa,Open,9.492445,12.269846
Michika,Open,10.56553,13.32276
Hong,Open,10.221257,12.916274
Michika,Open,10.60488,13.401786
Mayo-Belwa,Open,9.180773,11.747176
Song,Open,9.631139,12.445176
Michika,Open,10.638456,13.451164
Hong,Open,10.430944,13.004574
Hong,Open,10.404907,13.047736
Guyuk,Open,9.708719,11.874808
Song,Open,9.772242,12.42999
Lamurde,Open,9.527995,11.601061
Shelleng,Open,9.882782,12.017298
Yola North,Open,9.254966,12.466044
Michika,Open,10.617272,13.393598
Lamurde,Open,9.5215,11.801297
Lamurde,Open,9.56521,11.890692
Girei,Open,9.49167,12.302142
Jada,Open,8.514667,12.081481
Shelleng,Open,9.640188,11.979386
Hong,Open,10.46658,12.987162
Mubi South,Open,10.170411,13.298929
Lamurde,Open,9.542546,11.689728
Guyuk,Open,9.906604,11.928312
Maiha,Open,10.061838,13.187754
Michika,Open,10.60059,13.363975
Demsa,Open,9.294623,12.010287
Fufore,Open,9.413557,12.5899
Maiha,Open,10.0957,13.248082
Mayo-Belwa,Open,8.895832,12.080906
Hong,Open,10.358074,13.105223
Mubi South,Open,10.137053,13.357443
Demsa,Open,9.542908,12.190447
Song,Open,9.6341,12.445353
Gombi,Open,10.4227309,12.5705088
Mubi South,Open,10.091404,13.301593
Shelleng,Open,9.792193,12.054928
Guyuk,Open,9.91211,11.947091
Guyuk,Open,9.7472735,11.9194836
Yola South,Open,9.351295,12.282841
Maiha,Open,10.05991,13.176418
Mayo-Belwa,Open,9.0761103,11.8012454
Demsa,Open,9.250933,11.692711
Guyuk,Open,9.885686,11.896709
Ganye,Open,8.38128,12.064998
Yola North,Open,9.2841646,12.4487866
Gombi,Open,10.41591,12.566304
Maiha,Open,10.066509,13.273592
Yola North,Open,9.283163,12.446824
Hawul,Open,10.5603603,12.1624235
Jere,Open,11.8677014,13.1711128
Maiduguri,Open,11.8529673,13.1497052
Maiduguri,Open,11.8699031,13.1375374
